dipendente_id;num_caramelle;data
1;2;2015-01-01
2;9;2015-01-02
3;2;2015-01-03
4;7;2015-01-04
5;9;2015-01-05
6;1;2015-01-06
7;9;2015-01-07
8;5;2015-01-08
9;0;2015-01-09
10;8;2015-01-10
11;2;2015-01-11
12;9;2015-01-12
13;1;2015-01-13
1;2;2015-01-14
2;5;2015-01-15
3;7;2015-01-16
4;1;2015-01-17
5;7;2015-01-18
6;0;2015-01-19
7;8;2015-01-20
8;3;2015-01-21
9;9;2015-01-22
10;10;2015-01-23
11;3;2015-01-24
12;3;2015-01-25
13;3;2015-01-26
1;4;2015-01-27
2;7;2015-01-28
3;1;2015-01-29
4;9;2015-01-30
5;8;2015-01-31
6;3;2015-02-01
7;9;2015-02-02
8;9;2015-02-03
9;2;2015-02-04
10;7;2015-02-05
11;2;2015-02-06
12;7;2015-02-07
13;10;2015-02-08
1;0;2015-02-09
2;0;2015-02-10
3;10;2015-02-11
4;3;2015-02-12
5;8;2015-02-13
6;7;2015-02-14
7;1;2015-02-15
8;1;2015-02-16
9;9;2015-02-17
10;10;2015-02-18
11;5;2015-02-19
12;0;2015-02-20
13;3;2015-02-21
1;3;2015-02-22
2;7;2015-02-23
3;5;2015-02-24
4;10;2015-02-25
5;4;2015-02-26
6;1;2015-02-27
7;1;2015-02-28
8;4;2015-03-01
9;2;2015-03-02
10;0;2015-03-03
11;4;2015-03-04
12;3;2015-03-05
13;2;2015-03-06
1;2;2015-03-07
2;2;2015-03-08
3;2;2015-03-09
4;7;2015-03-10
5;8;2015-03-11
6;10;2015-03-12
7;1;2015-03-13
8;6;2015-03-14
9;5;2015-03-15
10;5;2015-03-16
11;7;2015-03-17
12;6;2015-03-18
13;7;2015-03-19
1;4;2015-03-20
2;5;2015-03-21
3;2;2015-03-22
4;5;2015-03-23
5;9;2015-03-24
6;4;2015-03-25
7;1;2015-03-26
8;0;2015-03-27
9;8;2015-03-28
10;7;2015-03-29
11;2;2015-03-30
12;10;2015-03-31
13;1;2015-04-01
1;7;2015-04-02
2;7;2015-04-03
3;2;2015-04-04
4;8;2015-04-05
5;8;2015-04-06
6;8;2015-04-07
7;3;2015-04-08
8;9;2015-04-09
9;5;2015-04-10
10;6;2015-04-11
11;1;2015-04-12
12;6;2015-04-13
13;6;2015-04-14
1;4;2015-04-15
2;3;2015-04-16
3;8;2015-04-17
4;10;2015-04-18
5;6;2015-04-19
6;7;2015-04-20
7;9;2015-04-21
8;4;2015-04-22
9;6;2015-04-23
10;9;2015-04-24
11;6;2015-04-25
12;5;2015-04-26
13;4;2015-04-27
1;5;2015-04-28
2;4;2015-04-29
3;10;2015-04-30
4;9;2015-05-01
5;6;2015-05-02
6;9;2015-05-03
7;6;2015-05-04
8;0;2015-05-05
9;3;2015-05-06
10;5;2015-05-07
11;5;2015-05-08
12;7;2015-05-09
13;0;2015-05-10
1;6;2015-05-11
2;7;2015-05-12
3;7;2015-05-13
4;6;2015-05-14
5;3;2015-05-15
6;6;2015-05-16
7;10;2015-05-17
8;3;2015-05-18
9;6;2015-05-19
10;6;2015-05-20
11;3;2015-05-21
12;3;2015-05-22
13;3;2015-05-23
1;9;2015-05-24
2;5;2015-05-25
3;9;2015-05-26
4;4;2015-05-27
5;4;2015-05-28
6;2;2015-05-29
7;10;2015-05-30
8;6;2015-05-31
9;5;2015-06-01
10;2;2015-06-02
11;5;2015-06-03
12;7;2015-06-04
13;3;2015-06-05
1;8;2015-06-06
2;1;2015-06-07
3;8;2015-06-08
4;9;2015-06-09
5;7;2015-06-10
6;1;2015-06-11
7;8;2015-06-12
8;7;2015-06-13
9;7;2015-06-14
10;9;2015-06-15
11;4;2015-06-16
12;6;2015-06-17
13;2;2015-06-18
1;3;2015-06-19
2;3;2015-06-20
3;0;2015-06-21
4;3;2015-06-22
5;10;2015-06-23
6;3;2015-06-24
7;5;2015-06-25
8;4;2015-06-26
9;9;2015-06-27
10;0;2015-06-28
11;7;2015-06-29
12;10;2015-06-30
13;9;2015-07-01
1;5;2015-07-02
2;1;2015-07-03
3;1;2015-07-04
4;1;2015-07-05
5;3;2015-07-06
6;8;2015-07-07
7;10;2015-07-08
8;1;2015-07-09
9;5;2015-07-10
10;8;2015-07-11
11;4;2015-07-12
12;8;2015-07-13
13;8;2015-07-14
1;3;2015-07-15
2;6;2015-07-16
3;8;2015-07-17
4;1;2015-07-18
5;3;2015-07-19
6;9;2015-07-20
7;6;2015-07-21
8;8;2015-07-22
9;5;2015-07-23
10;4;2015-07-24
11;4;2015-07-25
12;2;2015-07-26
13;1;2015-07-27
1;0;2015-07-28
2;3;2015-07-29
3;3;2015-07-30
4;4;2015-07-31
5;6;2015-08-01
6;8;2015-08-02
7;6;2015-08-03
8;2;2015-08-04
9;8;2015-08-05
10;6;2015-08-06
11;1;2015-08-07
12;6;2015-08-08
13;4;2015-08-09
1;4;2015-08-10
2;9;2015-08-11
3;2;2015-08-12
4;3;2015-08-13
5;3;2015-08-14
6;5;2015-08-15
7;9;2015-08-16
8;5;2015-08-17
9;5;2015-08-18
10;5;2015-08-19
11;4;2015-08-20
12;0;2015-08-21
13;2;2015-08-22
1;6;2015-08-23
2;10;2015-08-24
3;9;2015-08-25
4;8;2015-08-26
5;4;2015-08-27
6;7;2015-08-28
7;2;2015-08-29
8;2;2015-08-30
9;1;2015-08-31
10;9;2015-09-01
11;9;2015-09-02
12;4;2015-09-03
13;7;2015-09-04
1;3;2015-09-05
2;2;2015-09-06
3;1;2015-09-07
4;7;2015-09-08
5;8;2015-09-09
6;3;2015-09-10
7;0;2015-09-11
8;5;2015-09-12
9;5;2015-09-13
10;7;2015-09-14
11;8;2015-09-15
12;7;2015-09-16
13;5;2015-09-17
1;10;2015-09-18
2;7;2015-09-19
3;9;2015-09-20
4;1;2015-09-21
5;4;2015-09-22
6;1;2015-09-23
7;10;2015-09-24
8;9;2015-09-25
9;1;2015-09-26
10;9;2015-09-27
11;7;2015-09-28
12;6;2015-09-29
13;3;2015-09-30
1;6;2015-10-01
2;1;2015-10-02
3;3;2015-10-03
4;7;2015-10-04
5;3;2015-10-05
6;4;2015-10-06
7;8;2015-10-07
8;3;2015-10-08
9;1;2015-10-09
10;3;2015-10-10
11;2;2015-10-11
12;3;2015-10-12
13;5;2015-10-13
1;9;2015-10-14
2;6;2015-10-15
3;4;2015-10-16
4;4;2015-10-17
5;6;2015-10-18
6;2;2015-10-19
7;5;2015-10-20
8;5;2015-10-21
9;3;2015-10-22
10;7;2015-10-23
11;2;2015-10-24
12;5;2015-10-25
13;8;2015-10-26
1;2;2015-10-27
2;1;2015-10-28
3;9;2015-10-29
4;8;2015-10-30
5;0;2015-10-31
6;7;2015-11-01
7;5;2015-11-02
8;3;2015-11-03
9;5;2015-11-04
10;3;2015-11-05
11;2;2015-11-06
12;2;2015-11-07
13;2;2015-11-08
1;4;2015-11-09
2;0;2015-11-10
3;3;2015-11-11
4;7;2015-11-12
5;3;2015-11-13
6;9;2015-11-14
7;8;2015-11-15
8;1;2015-11-16
9;3;2015-11-17
10;0;2015-11-18
11;2;2015-11-19
12;6;2015-11-20
13;9;2015-11-21
1;10;2015-11-22
2;2;2015-11-23
3;5;2015-11-24
4;7;2015-11-25
5;9;2015-11-26
6;7;2015-11-27
7;8;2015-11-28
8;7;2015-11-29
9;2;2015-11-30
10;0;2015-12-01
11;10;2015-12-02
12;3;2015-12-03
13;7;2015-12-04
1;7;2015-12-05
2;8;2015-12-06
3;8;2015-12-07
4;1;2015-12-08
5;5;2015-12-09
6;4;2015-12-10
7;9;2015-12-11
8;9;2015-12-12
9;6;2015-12-13
10;6;2015-12-14
11;7;2015-12-15
12;3;2015-12-16
13;5;2015-12-17
1;9;2015-12-18
2;6;2015-12-19
3;7;2015-12-20
4;3;2015-12-21
5;9;2015-12-22
6;9;2015-12-23
7;1;2015-12-24
8;4;2015-12-25
9;1;2015-12-26
10;6;2015-12-27
11;5;2015-12-28
12;10;2015-12-29
13;3;2015-12-30
1;6;2015-12-31
2;8;2015-01-01
3;3;2015-01-02
4;8;2015-01-03
5;10;2015-01-04
6;4;2015-01-05
7;5;2015-01-06
8;0;2015-01-07
9;10;2015-01-08
10;4;2015-01-09
11;9;2015-01-10
12;6;2015-01-11
13;3;2015-01-12
1;9;2015-01-13
2;5;2015-01-14
3;6;2015-01-15
4;10;2015-01-16
5;2;2015-01-17
6;1;2015-01-18
7;8;2015-01-19
8;9;2015-01-20
9;8;2015-01-21
10;8;2015-01-22
11;8;2015-01-23
12;5;2015-01-24
13;6;2015-01-25
1;5;2015-01-26
2;9;2015-01-27
3;4;2015-01-28
4;10;2015-01-29
5;5;2015-01-30
6;3;2015-01-31
7;8;2015-02-01
8;5;2015-02-02
9;9;2015-02-03
10;4;2015-02-04
11;4;2015-02-05
12;9;2015-02-06
13;7;2015-02-07
1;9;2015-02-08
2;1;2015-02-09
3;7;2015-02-10
4;2;2015-02-11
5;5;2015-02-12
6;4;2015-02-13
7;9;2015-02-14
8;8;2015-02-15
9;0;2015-02-16
10;10;2015-02-17
11;10;2015-02-18
12;3;2015-02-19
13;4;2015-02-20
1;10;2015-02-21
2;0;2015-02-22
3;6;2015-02-23
4;1;2015-02-24
5;4;2015-02-25
6;3;2015-02-26
7;7;2015-02-27
8;5;2015-02-28
9;4;2015-03-01
10;9;2015-03-02
11;6;2015-03-03
12;7;2015-03-04
13;6;2015-03-05
1;8;2015-03-06
2;4;2015-03-07
3;3;2015-03-08
4;2;2015-03-09
5;3;2015-03-10
6;5;2015-03-11
7;9;2015-03-12
8;6;2015-03-13
9;1;2015-03-14
10;7;2015-03-15
11;7;2015-03-16
12;2;2015-03-17
13;5;2015-03-18
1;2;2015-03-19
2;2;2015-03-20
3;1;2015-03-21
4;3;2015-03-22
5;7;2015-03-23
6;5;2015-03-24
7;0;2015-03-25
8;3;2015-03-26
9;1;2015-03-27
10;8;2015-03-28
11;3;2015-03-29
12;7;2015-03-30
13;3;2015-03-31
1;5;2015-04-01
2;8;2015-04-02
3;7;2015-04-03
4;8;2015-04-04
5;8;2015-04-05
6;1;2015-04-06
7;1;2015-04-07
8;4;2015-04-08
9;0;2015-04-09
10;9;2015-04-10
11;4;2015-04-11
12;8;2015-04-12
13;9;2015-04-13
1;5;2015-04-14
2;6;2015-04-15
3;8;2015-04-16
4;6;2015-04-17
5;3;2015-04-18
6;6;2015-04-19
7;1;2015-04-20
8;0;2015-04-21
9;8;2015-04-22
10;6;2015-04-23
11;4;2015-04-24
12;9;2015-04-25
13;1;2015-04-26
1;7;2015-04-27
2;6;2015-04-28
3;5;2015-04-29
4;5;2015-04-30
5;7;2015-05-01
6;5;2015-05-02
7;8;2015-05-03
8;9;2015-05-04
9;6;2015-05-05
10;5;2015-05-06
11;6;2015-05-07
12;0;2015-05-08
13;5;2015-05-09
1;5;2015-05-10
2;3;2015-05-11
3;8;2015-05-12
4;6;2015-05-13
5;3;2015-05-14
6;4;2015-05-15
7;5;2015-05-16
8;2;2015-05-17
9;5;2015-05-18
10;2;2015-05-19
11;3;2015-05-20
12;10;2015-05-21
13;2;2015-05-22
1;1;2015-05-23
2;3;2015-05-24
3;7;2015-05-25
4;3;2015-05-26
5;8;2015-05-27
6;5;2015-05-28
7;10;2015-05-29
8;6;2015-05-30
9;1;2015-05-31
10;8;2015-06-01
11;2;2015-06-02
12;5;2015-06-03
13;0;2015-06-04
1;5;2015-06-05
2;7;2015-06-06
3;8;2015-06-07
4;5;2015-06-08
5;4;2015-06-09
6;2;2015-06-10
7;2;2015-06-11
8;1;2015-06-12
9;6;2015-06-13
10;4;2015-06-14
11;6;2015-06-15
12;9;2015-06-16
13;9;2015-06-17
1;2;2015-06-18
2;2;2015-06-19
3;4;2015-06-20
4;8;2015-06-21
5;9;2015-06-22
6;2;2015-06-23
7;2;2015-06-24
8;4;2015-06-25
9;1;2015-06-26
10;2;2015-06-27
11;9;2015-06-28
12;8;2015-06-29
13;3;2015-06-30
1;3;2015-07-01
2;7;2015-07-02
3;7;2015-07-03
4;3;2015-07-04
5;10;2015-07-05
6;5;2015-07-06
7;0;2015-07-07
8;10;2015-07-08
9;2;2015-07-09
10;7;2015-07-10
11;8;2015-07-11
12;6;2015-07-12
13;7;2015-07-13
1;5;2015-07-14
2;6;2015-07-15
3;8;2015-07-16
4;5;2015-07-17
5;3;2015-07-18
6;8;2015-07-19
7;8;2015-07-20
8;6;2015-07-21
9;5;2015-07-22
10;0;2015-07-23
11;3;2015-07-24
12;8;2015-07-25
13;7;2015-07-26
1;6;2015-07-27
2;1;2015-07-28
3;6;2015-07-29
4;0;2015-07-30
5;9;2015-07-31
6;1;2015-08-01
7;4;2015-08-02
8;10;2015-08-03
9;7;2015-08-04
10;1;2015-08-05
11;2;2015-08-06
12;5;2015-08-07
13;4;2015-08-08
1;2;2015-08-09
2;10;2015-08-10
3;9;2015-08-11
4;8;2015-08-12
5;9;2015-08-13
6;9;2015-08-14
7;9;2015-08-15
8;7;2015-08-16
9;3;2015-08-17
10;1;2015-08-18
11;7;2015-08-19
12;9;2015-08-20
13;6;2015-08-21
1;5;2015-08-22
2;1;2015-08-23
3;1;2015-08-24
4;9;2015-08-25
5;3;2015-08-26
6;2;2015-08-27
7;3;2015-08-28
8;8;2015-08-29
9;0;2015-08-30
10;7;2015-08-31
11;6;2015-09-01
12;4;2015-09-02
13;8;2015-09-03
1;8;2015-09-04
2;2;2015-09-05
3;6;2015-09-06
4;2;2015-09-07
5;1;2015-09-08
6;5;2015-09-09
7;6;2015-09-10
8;2;2015-09-11
9;7;2015-09-12
10;8;2015-09-13
11;4;2015-09-14
12;2;2015-09-15
13;1;2015-09-16
1;5;2015-09-17
2;8;2015-09-18
3;8;2015-09-19
4;2;2015-09-20
5;0;2015-09-21
6;2;2015-09-22
7;3;2015-09-23
8;8;2015-09-24
9;6;2015-09-25
10;0;2015-09-26
11;4;2015-09-27
12;4;2015-09-28
13;2;2015-09-29
1;9;2015-09-30
2;8;2015-10-01
3;2;2015-10-02
4;5;2015-10-03
5;9;2015-10-04
6;5;2015-10-05
7;3;2015-10-06
8;9;2015-10-07
9;2;2015-10-08
10;4;2015-10-09
11;3;2015-10-10
12;6;2015-10-11
13;2;2015-10-12
1;7;2015-10-13
2;8;2015-10-14
3;9;2015-10-15
4;3;2015-10-16
5;8;2015-10-17
6;9;2015-10-18
7;2;2015-10-19
8;3;2015-10-20
9;7;2015-10-21
10;0;2015-10-22
11;5;2015-10-23
12;7;2015-10-24
13;2;2015-10-25
1;5;2015-10-26
2;8;2015-10-27
3;3;2015-10-28
4;5;2015-10-29
5;7;2015-10-30
6;10;2015-10-31
7;6;2015-11-01
8;9;2015-11-02
9;6;2015-11-03
10;10;2015-11-04
11;5;2015-11-05
12;2;2015-11-06
13;6;2015-11-07
1;8;2015-11-08
2;4;2015-11-09
3;0;2015-11-10
4;8;2015-11-11
5;9;2015-11-12
6;4;2015-11-13
7;7;2015-11-14
8;6;2015-11-15
9;2;2015-11-16
10;5;2015-11-17
11;4;2015-11-18
12;7;2015-11-19
13;0;2015-11-20
1;9;2015-11-21
2;6;2015-11-22
3;1;2015-11-23
4;1;2015-11-24
5;6;2015-11-25
6;3;2015-11-26
7;3;2015-11-27
8;7;2015-11-28
9;9;2015-11-29
10;10;2015-11-30
11;9;2015-12-01
12;1;2015-12-02
13;3;2015-12-03
1;5;2015-12-04
2;1;2015-12-05
3;4;2015-12-06
4;0;2015-12-07
5;10;2015-12-08
6;5;2015-12-09
7;2;2015-12-10
8;5;2015-12-11
9;2;2015-12-12
10;1;2015-12-13
11;7;2015-12-14
12;3;2015-12-15
13;6;2015-12-16
1;4;2015-12-17
2;7;2015-12-18
3;2;2015-12-19
4;8;2015-12-20
5;8;2015-12-21
6;8;2015-12-22
7;4;2015-12-23
8;7;2015-12-24
9;3;2015-12-25
10;2;2015-12-26
11;4;2015-12-27
12;6;2015-12-28
13;4;2015-12-29
1;6;2015-12-30
2;4;2015-12-31
3;8;2015-01-01
4;2;2015-01-02
5;9;2015-01-03
6;9;2015-01-04
7;4;2015-01-05
8;1;2015-01-06
9;1;2015-01-07
10;10;2015-01-08
11;4;2015-01-09
12;1;2015-01-10
13;8;2015-01-11
1;2;2015-01-12
2;2;2015-01-13
3;8;2015-01-14
4;4;2015-01-15
5;5;2015-01-16
6;10;2015-01-17
7;7;2015-01-18
8;4;2015-01-19
9;0;2015-01-20
10;8;2015-01-21
11;8;2015-01-22
12;6;2015-01-23
13;10;2015-01-24
1;2;2015-01-25
2;3;2015-01-26
3;6;2015-01-27
4;9;2015-01-28
5;7;2015-01-29
6;2;2015-01-30
7;7;2015-01-31
8;0;2015-02-01
9;0;2015-02-02
10;4;2015-02-03
11;6;2015-02-04
12;2;2015-02-05
13;8;2015-02-06
1;2;2015-02-07
2;3;2015-02-08
3;3;2015-02-09
4;7;2015-02-10
5;9;2015-02-11
6;10;2015-02-12
7;2;2015-02-13
8;3;2015-02-14
9;7;2015-02-15
10;10;2015-02-16
11;2;2015-02-17
12;7;2015-02-18
13;6;2015-02-19
1;3;2015-02-20
2;2;2015-02-21
3;5;2015-02-22
4;9;2015-02-23
5;1;2015-02-24
6;7;2015-02-25
7;10;2015-02-26
8;8;2015-02-27
9;2;2015-02-28
10;5;2015-03-01
11;5;2015-03-02
12;10;2015-03-03
13;9;2015-03-04
1;4;2015-03-05
2;1;2015-03-06
3;1;2015-03-07
4;9;2015-03-08
5;9;2015-03-09
6;3;2015-03-10
7;5;2015-03-11
8;2;2015-03-12
9;9;2015-03-13
10;8;2015-03-14
11;7;2015-03-15
12;5;2015-03-16
13;0;2015-03-17
1;0;2015-03-18
2;6;2015-03-19
3;1;2015-03-20
4;5;2015-03-21
5;8;2015-03-22
6;6;2015-03-23
7;2;2015-03-24
8;8;2015-03-25
9;4;2015-03-26
10;9;2015-03-27
11;6;2015-03-28
12;10;2015-03-29
13;3;2015-03-30
1;1;2015-03-31
2;9;2015-04-01
3;9;2015-04-02
4;9;2015-04-03
5;7;2015-04-04
6;7;2015-04-05
7;1;2015-04-06
8;6;2015-04-07
9;2;2015-04-08
10;5;2015-04-09
11;2;2015-04-10
12;6;2015-04-11
13;3;2015-04-12
1;6;2015-04-13
2;2;2015-04-14
3;3;2015-04-15
4;10;2015-04-16
5;8;2015-04-17
6;4;2015-04-18
7;5;2015-04-19
8;1;2015-04-20
9;5;2015-04-21
10;2;2015-04-22
11;4;2015-04-23
12;8;2015-04-24
13;4;2015-04-25
1;6;2015-04-26
2;7;2015-04-27
3;5;2015-04-28
4;0;2015-04-29
5;1;2015-04-30
6;8;2015-05-01
7;10;2015-05-02
8;9;2015-05-03
9;4;2015-05-04
10;7;2015-05-05
11;3;2015-05-06
12;9;2015-05-07
13;7;2015-05-08
1;9;2015-05-09
2;7;2015-05-10
3;9;2015-05-11
4;2;2015-05-12
5;4;2015-05-13
6;5;2015-05-14
7;7;2015-05-15
8;6;2015-05-16
9;3;2015-05-17
10;7;2015-05-18
11;9;2015-05-19
12;9;2015-05-20
13;3;2015-05-21
1;1;2015-05-22
2;7;2015-05-23
3;4;2015-05-24
4;4;2015-05-25
5;9;2015-05-26
6;0;2015-05-27
7;1;2015-05-28
8;1;2015-05-29
9;7;2015-05-30
10;1;2015-05-31
11;4;2015-06-01
12;4;2015-06-02
13;1;2015-06-03
1;4;2015-06-04
2;2;2015-06-05
3;3;2015-06-06
4;6;2015-06-07
5;6;2015-06-08
6;0;2015-06-09
7;6;2015-06-10
8;9;2015-06-11
9;2;2015-06-12
10;0;2015-06-13
11;3;2015-06-14
12;2;2015-06-15
13;7;2015-06-16
1;4;2015-06-17
2;0;2015-06-18
3;4;2015-06-19
4;4;2015-06-20
5;8;2015-06-21
6;5;2015-06-22
7;5;2015-06-23
8;9;2015-06-24
9;5;2015-06-25
10;8;2015-06-26
11;8;2015-06-27
12;6;2015-06-28
13;7;2015-06-29
1;10;2015-06-30
2;1;2015-07-01
3;3;2015-07-02
4;7;2015-07-03
5;2;2015-07-04
6;9;2015-07-05
7;10;2015-07-06
8;2;2015-07-07
9;9;2015-07-08
10;9;2015-07-09
11;3;2015-07-10
12;6;2015-07-11
13;4;2015-07-12
1;1;2015-07-13
2;6;2015-07-14
3;2;2015-07-15
4;9;2015-07-16
5;2;2015-07-17
6;5;2015-07-18
7;1;2015-07-19
8;2;2015-07-20
9;2;2015-07-21
10;2;2015-07-22
11;1;2015-07-23
12;1;2015-07-24
13;2;2015-07-25
1;9;2015-07-26
2;1;2015-07-27
3;4;2015-07-28
4;7;2015-07-29
5;2;2015-07-30
6;5;2015-07-31
7;5;2015-08-01
8;5;2015-08-02
9;3;2015-08-03
10;4;2015-08-04
11;4;2015-08-05
12;2;2015-08-06
13;5;2015-08-07
1;4;2015-08-08
2;1;2015-08-09
3;6;2015-08-10
4;2;2015-08-11
5;8;2015-08-12
6;5;2015-08-13
7;5;2015-08-14
8;2;2015-08-15
9;4;2015-08-16
10;7;2015-08-17
11;5;2015-08-18
12;3;2015-08-19
13;2;2015-08-20
1;5;2015-08-21
2;7;2015-08-22
3;2;2015-08-23
4;8;2015-08-24
5;5;2015-08-25
6;7;2015-08-26
7;3;2015-08-27
8;9;2015-08-28
9;7;2015-08-29
10;4;2015-08-30
11;8;2015-08-31
12;9;2015-09-01
13;7;2015-09-02
1;2;2015-09-03
2;7;2015-09-04
3;5;2015-09-05
4;2;2015-09-06
5;0;2015-09-07
6;9;2015-09-08
7;1;2015-09-09
8;3;2015-09-10
9;5;2015-09-11
10;7;2015-09-12
11;5;2015-09-13
12;8;2015-09-14
13;9;2015-09-15
1;3;2015-09-16
2;8;2015-09-17
3;8;2015-09-18
4;5;2015-09-19
5;3;2015-09-20
6;1;2015-09-21
7;4;2015-09-22
8;6;2015-09-23
9;4;2015-09-24
10;8;2015-09-25
11;9;2015-09-26
12;2;2015-09-27
13;6;2015-09-28
1;5;2015-09-29
2;9;2015-09-30
3;4;2015-10-01
4;4;2015-10-02
5;7;2015-10-03
6;3;2015-10-04
7;9;2015-10-05
8;2;2015-10-06
9;8;2015-10-07
10;2;2015-10-08
11;5;2015-10-09
12;9;2015-10-10
13;7;2015-10-11
1;3;2015-10-12
2;7;2015-10-13
3;2;2015-10-14
4;5;2015-10-15
5;1;2015-10-16
6;2;2015-10-17
7;5;2015-10-18
8;4;2015-10-19
9;8;2015-10-20
10;8;2015-10-21
11;1;2015-10-22
12;9;2015-10-23
13;1;2015-10-24
1;8;2015-10-25
2;2;2015-10-26
3;9;2015-10-27
4;9;2015-10-28
5;0;2015-10-29
6;1;2015-10-30
7;2;2015-10-31
8;3;2015-11-01
9;9;2015-11-02
10;3;2015-11-03
11;9;2015-11-04
12;3;2015-11-05
13;7;2015-11-06
1;8;2015-11-07
2;7;2015-11-08
3;8;2015-11-09
4;5;2015-11-10
5;9;2015-11-11
6;9;2015-11-12
7;3;2015-11-13
8;7;2015-11-14
9;8;2015-11-15
10;8;2015-11-16
11;4;2015-11-17
12;10;2015-11-18
13;9;2015-11-19
1;7;2015-11-20
2;7;2015-11-21
3;4;2015-11-22
4;3;2015-11-23
5;1;2015-11-24
6;5;2015-11-25
7;2;2015-11-26
8;3;2015-11-27
9;10;2015-11-28
10;5;2015-11-29
11;3;2015-11-30
12;3;2015-12-01
13;0;2015-12-02
1;5;2015-12-03
2;5;2015-12-04
3;10;2015-12-05
4;0;2015-12-06
5;9;2015-12-07
6;9;2015-12-08
7;9;2015-12-09
8;5;2015-12-10
9;4;2015-12-11
10;9;2015-12-12
11;10;2015-12-13
12;3;2015-12-14
13;6;2015-12-15
1;5;2015-12-16
2;2;2015-12-17
3;5;2015-12-18
4;6;2015-12-19
5;0;2015-12-20
6;0;2015-12-21
7;4;2015-12-22
8;8;2015-12-23
9;7;2015-12-24
10;6;2015-12-25
11;6;2015-12-26
12;7;2015-12-27
13;3;2015-12-28
1;6;2015-12-29
2;10;2015-12-30
3;7;2015-12-31
4;10;2015-01-01
5;9;2015-01-02
6;1;2015-01-03
7;4;2015-01-04
8;5;2015-01-05
9;4;2015-01-06
10;2;2015-01-07
11;4;2015-01-08
12;5;2015-01-09
13;6;2015-01-10
1;4;2015-01-11
2;8;2015-01-12
3;0;2015-01-13
4;9;2015-01-14
5;4;2015-01-15
6;0;2015-01-16
7;8;2015-01-17
8;1;2015-01-18
9;3;2015-01-19
10;0;2015-01-20
11;9;2015-01-21
12;6;2015-01-22
13;4;2015-01-23
1;9;2015-01-24
2;7;2015-01-25
3;3;2015-01-26
4;5;2015-01-27
5;1;2015-01-28
6;6;2015-01-29
7;9;2015-01-30
8;8;2015-01-31
9;5;2015-02-01
10;4;2015-02-02
11;2;2015-02-03
12;4;2015-02-04
13;6;2015-02-05
1;2;2015-02-06
2;6;2015-02-07
3;2;2015-02-08
4;9;2015-02-09
5;10;2015-02-10
6;2;2015-02-11
7;2;2015-02-12
8;3;2015-02-13
9;4;2015-02-14
10;2;2015-02-15
11;9;2015-02-16
12;6;2015-02-17
13;6;2015-02-18
1;7;2015-02-19
2;3;2015-02-20
3;10;2015-02-21
4;2;2015-02-22
5;4;2015-02-23
6;4;2015-02-24
7;8;2015-02-25
8;6;2015-02-26
9;1;2015-02-27
10;8;2015-02-28
11;1;2015-03-01
12;1;2015-03-02
13;3;2015-03-03
1;5;2015-03-04
2;7;2015-03-05
3;7;2015-03-06
4;4;2015-03-07
5;9;2015-03-08
6;4;2015-03-09
7;0;2015-03-10
8;1;2015-03-11
9;7;2015-03-12
10;8;2015-03-13
11;5;2015-03-14
12;2;2015-03-15
13;3;2015-03-16
1;5;2015-03-17
2;8;2015-03-18
3;6;2015-03-19
4;5;2015-03-20
5;6;2015-03-21
6;5;2015-03-22
7;4;2015-03-23
8;3;2015-03-24
9;1;2015-03-25
10;8;2015-03-26
11;5;2015-03-27
12;6;2015-03-28
13;3;2015-03-29
1;3;2015-03-30
2;8;2015-03-31
3;6;2015-04-01
4;0;2015-04-02
5;0;2015-04-03
6;1;2015-04-04
7;0;2015-04-05
8;4;2015-04-06
9;5;2015-04-07
10;1;2015-04-08
11;6;2015-04-09
12;6;2015-04-10
13;5;2015-04-11
1;1;2015-04-12
2;9;2015-04-13
3;7;2015-04-14
4;7;2015-04-15
5;6;2015-04-16
6;5;2015-04-17
7;6;2015-04-18
8;1;2015-04-19
9;6;2015-04-20
10;5;2015-04-21
11;6;2015-04-22
12;2;2015-04-23
13;7;2015-04-24
1;1;2015-04-25
2;7;2015-04-26
3;2;2015-04-27
4;8;2015-04-28
5;10;2015-04-29
6;7;2015-04-30
7;10;2015-05-01
8;9;2015-05-02
9;5;2015-05-03
10;4;2015-05-04
11;8;2015-05-05
12;4;2015-05-06
13;3;2015-05-07
1;2;2015-05-08
2;10;2015-05-09
3;2;2015-05-10
4;5;2015-05-11
5;9;2015-05-12
6;7;2015-05-13
7;0;2015-05-14
8;8;2015-05-15
9;1;2015-05-16
10;3;2015-05-17
11;6;2015-05-18
12;5;2015-05-19
13;1;2015-05-20
1;0;2015-05-21
2;5;2015-05-22
3;8;2015-05-23
4;0;2015-05-24
5;5;2015-05-25
6;6;2015-05-26
7;1;2015-05-27
8;7;2015-05-28
9;5;2015-05-29
10;2;2015-05-30
11;6;2015-05-31
12;3;2015-06-01
13;0;2015-06-02
1;5;2015-06-03
2;8;2015-06-04
3;9;2015-06-05
4;5;2015-06-06
5;7;2015-06-07
6;2;2015-06-08
7;9;2015-06-09
8;0;2015-06-10
9;8;2015-06-11
10;2;2015-06-12
11;4;2015-06-13
12;4;2015-06-14
13;6;2015-06-15
1;9;2015-06-16
2;9;2015-06-17
3;1;2015-06-18
4;4;2015-06-19
5;6;2015-06-20
6;3;2015-06-21
7;4;2015-06-22
8;2;2015-06-23
9;1;2015-06-24
10;4;2015-06-25
11;9;2015-06-26
12;5;2015-06-27
13;1;2015-06-28
1;4;2015-06-29
2;5;2015-06-30
3;10;2015-07-01
4;9;2015-07-02
5;3;2015-07-03
6;3;2015-07-04
7;5;2015-07-05
8;5;2015-07-06
9;4;2015-07-07
10;5;2015-07-08
11;7;2015-07-09
12;7;2015-07-10
13;8;2015-07-11
1;7;2015-07-12
2;8;2015-07-13
3;3;2015-07-14
4;6;2015-07-15
5;7;2015-07-16
6;9;2015-07-17
7;7;2015-07-18
8;2;2015-07-19
9;1;2015-07-20
10;8;2015-07-21
11;4;2015-07-22
12;6;2015-07-23
13;2;2015-07-24
1;1;2015-07-25
2;9;2015-07-26
3;9;2015-07-27
4;1;2015-07-28
5;3;2015-07-29
6;3;2015-07-30
7;2;2015-07-31
8;2;2015-08-01
9;2;2015-08-02
10;5;2015-08-03
11;0;2015-08-04
12;4;2015-08-05
13;1;2015-08-06
1;8;2015-08-07
2;6;2015-08-08
3;6;2015-08-09
4;7;2015-08-10
5;3;2015-08-11
6;4;2015-08-12
7;2;2015-08-13
8;6;2015-08-14
9;9;2015-08-15
10;6;2015-08-16
11;4;2015-08-17
12;9;2015-08-18
13;3;2015-08-19
1;4;2015-08-20
2;2;2015-08-21
3;6;2015-08-22
4;1;2015-08-23
5;4;2015-08-24
6;1;2015-08-25
7;2;2015-08-26
8;4;2015-08-27
9;4;2015-08-28
10;9;2015-08-29
11;6;2015-08-30
12;5;2015-08-31
13;0;2015-09-01
1;0;2015-09-02
2;2;2015-09-03
3;3;2015-09-04
4;3;2015-09-05
5;2;2015-09-06
6;5;2015-09-07
7;2;2015-09-08
8;4;2015-09-09
9;5;2015-09-10
10;0;2015-09-11
11;5;2015-09-12
12;9;2015-09-13
13;8;2015-09-14
1;9;2015-09-15
2;1;2015-09-16
3;2;2015-09-17
4;6;2015-09-18
5;0;2015-09-19
6;2;2015-09-20
7;4;2015-09-21
8;6;2015-09-22
9;4;2015-09-23
10;6;2015-09-24
11;10;2015-09-25
12;2;2015-09-26
13;7;2015-09-27
1;5;2015-09-28
2;9;2015-09-29
3;2;2015-09-30
4;6;2015-10-01
5;6;2015-10-02
6;9;2015-10-03
7;4;2015-10-04
8;7;2015-10-05
9;2;2015-10-06
10;0;2015-10-07
11;4;2015-10-08
12;9;2015-10-09
13;5;2015-10-10
1;6;2015-10-11
2;3;2015-10-12
3;2;2015-10-13
4;4;2015-10-14
5;7;2015-10-15
6;3;2015-10-16
7;4;2015-10-17
8;9;2015-10-18
9;3;2015-10-19
10;4;2015-10-20
11;4;2015-10-21
12;5;2015-10-22
13;7;2015-10-23
1;8;2015-10-24
2;5;2015-10-25
3;6;2015-10-26
4;9;2015-10-27
5;9;2015-10-28
6;10;2015-10-29
7;9;2015-10-30
8;6;2015-10-31
9;3;2015-11-01
10;8;2015-11-02
11;3;2015-11-03
12;1;2015-11-04
13;8;2015-11-05
1;4;2015-11-06
2;3;2015-11-07
3;0;2015-11-08
4;2;2015-11-09
5;7;2015-11-10
6;8;2015-11-11
7;8;2015-11-12
8;10;2015-11-13
9;10;2015-11-14
10;6;2015-11-15
11;5;2015-11-16
12;3;2015-11-17
13;7;2015-11-18
1;6;2015-11-19
2;2;2015-11-20
3;6;2015-11-21
4;7;2015-11-22
5;5;2015-11-23
6;4;2015-11-24
7;7;2015-11-25
8;1;2015-11-26
9;9;2015-11-27
10;4;2015-11-28
11;10;2015-11-29
12;8;2015-11-30
13;5;2015-12-01
1;8;2015-12-02
2;2;2015-12-03
3;5;2015-12-04
4;8;2015-12-05
5;2;2015-12-06
6;3;2015-12-07
7;10;2015-12-08
8;2;2015-12-09
9;7;2015-12-10
10;1;2015-12-11
11;7;2015-12-12
12;0;2015-12-13
13;2;2015-12-14
1;8;2015-12-15
2;8;2015-12-16
3;3;2015-12-17
4;10;2015-12-18
5;8;2015-12-19
6;2;2015-12-20
7;4;2015-12-21
8;4;2015-12-22
9;6;2015-12-23
10;3;2015-12-24
11;7;2015-12-25
12;4;2015-12-26
13;9;2015-12-27
1;3;2015-12-28
2;3;2015-12-29
3;1;2015-12-30
4;9;2015-12-31
5;4;2015-01-01
6;8;2015-01-02
7;8;2015-01-03
8;9;2015-01-04
9;1;2015-01-05
10;1;2015-01-06
11;6;2015-01-07
12;0;2015-01-08
13;6;2015-01-09
1;3;2015-01-10
2;6;2015-01-11
3;2;2015-01-12
4;4;2015-01-13
5;2;2015-01-14
6;1;2015-01-15
7;8;2015-01-16
8;9;2015-01-17
9;9;2015-01-18
10;3;2015-01-19
11;2;2015-01-20
12;7;2015-01-21
13;0;2015-01-22
1;1;2015-01-23
2;1;2015-01-24
3;7;2015-01-25
4;0;2015-01-26
5;8;2015-01-27
6;5;2015-01-28
7;6;2015-01-29
8;5;2015-01-30
9;9;2015-01-31
10;2;2015-02-01
11;3;2015-02-02
12;4;2015-02-03
13;7;2015-02-04
1;6;2015-02-05
2;2;2015-02-06
3;5;2015-02-07
4;4;2015-02-08
5;1;2015-02-09
6;1;2015-02-10
7;1;2015-02-11
8;4;2015-02-12
9;3;2015-02-13
10;4;2015-02-14
11;4;2015-02-15
12;7;2015-02-16
13;9;2015-02-17
1;2;2015-02-18
2;2;2015-02-19
3;4;2015-02-20
4;0;2015-02-21
5;1;2015-02-22
6;9;2015-02-23
7;8;2015-02-24
8;6;2015-02-25
9;4;2015-02-26
10;10;2015-02-27
11;4;2015-02-28
12;8;2015-03-01
13;6;2015-03-02
1;8;2015-03-03
2;5;2015-03-04
3;7;2015-03-05
4;10;2015-03-06
5;8;2015-03-07
6;9;2015-03-08
7;7;2015-03-09
8;6;2015-03-10
9;3;2015-03-11
10;4;2015-03-12
11;3;2015-03-13
12;6;2015-03-14
13;2;2015-03-15
1;8;2015-03-16
2;9;2015-03-17
3;9;2015-03-18
4;6;2015-03-19
5;3;2015-03-20
6;4;2015-03-21
7;2;2015-03-22
8;8;2015-03-23
9;7;2015-03-24
10;5;2015-03-25
11;6;2015-03-26
12;0;2015-03-27
13;9;2015-03-28
1;8;2015-03-29
2;1;2015-03-30
3;7;2015-03-31
4;8;2015-04-01
5;9;2015-04-02
6;7;2015-04-03
7;2;2015-04-04
8;5;2015-04-05
9;5;2015-04-06
10;0;2015-04-07
11;6;2015-04-08
12;6;2015-04-09
13;1;2015-04-10
1;8;2015-04-11
2;7;2015-04-12
3;7;2015-04-13
4;7;2015-04-14
5;5;2015-04-15
6;1;2015-04-16
7;10;2015-04-17
8;9;2015-04-18
9;4;2015-04-19
10;6;2015-04-20
11;4;2015-04-21
12;3;2015-04-22
13;1;2015-04-23
1;4;2015-04-24
2;1;2015-04-25
3;2;2015-04-26
4;4;2015-04-27
5;10;2015-04-28
6;7;2015-04-29
7;4;2015-04-30
8;3;2015-05-01
9;7;2015-05-02
10;9;2015-05-03
11;7;2015-05-04
12;9;2015-05-05
13;8;2015-05-06
1;1;2015-05-07
2;3;2015-05-08
3;10;2015-05-09
4;9;2015-05-10
5;0;2015-05-11
6;5;2015-05-12
7;5;2015-05-13
8;9;2015-05-14
9;7;2015-05-15
10;2;2015-05-16
11;8;2015-05-17
12;4;2015-05-18
13;7;2015-05-19
1;6;2015-05-20
2;9;2015-05-21
3;3;2015-05-22
4;6;2015-05-23
5;2;2015-05-24
6;7;2015-05-25
7;5;2015-05-26
8;2;2015-05-27
9;7;2015-05-28
10;4;2015-05-29
11;8;2015-05-30
12;7;2015-05-31
13;7;2015-06-01
1;1;2015-06-02
2;3;2015-06-03
3;1;2015-06-04
4;1;2015-06-05
5;0;2015-06-06
6;7;2015-06-07
7;6;2015-06-08
8;6;2015-06-09
9;8;2015-06-10
10;6;2015-06-11
11;9;2015-06-12
12;5;2015-06-13
13;2;2015-06-14
1;6;2015-06-15
2;3;2015-06-16
3;5;2015-06-17
4;2;2015-06-18
5;7;2015-06-19
6;6;2015-06-20
7;4;2015-06-21
8;4;2015-06-22
9;1;2015-06-23
10;6;2015-06-24
11;1;2015-06-25
12;3;2015-06-26
13;0;2015-06-27
1;4;2015-06-28
2;9;2015-06-29
3;6;2015-06-30
4;9;2015-07-01
5;7;2015-07-02
6;7;2015-07-03
7;8;2015-07-04
8;2;2015-07-05
9;3;2015-07-06
10;2;2015-07-07
11;1;2015-07-08
12;2;2015-07-09
13;8;2015-07-10
1;1;2015-07-11
2;4;2015-07-12
3;1;2015-07-13
4;2;2015-07-14
5;10;2015-07-15
6;6;2015-07-16
7;6;2015-07-17
8;3;2015-07-18
9;5;2015-07-19
10;9;2015-07-20
11;0;2015-07-21
12;0;2015-07-22
13;0;2015-07-23
1;7;2015-07-24
2;6;2015-07-25
3;6;2015-07-26
4;5;2015-07-27
5;5;2015-07-28
6;3;2015-07-29
7;7;2015-07-30
8;7;2015-07-31
9;1;2015-08-01
10;5;2015-08-02
11;4;2015-08-03
12;5;2015-08-04
13;9;2015-08-05
1;3;2015-08-06
2;1;2015-08-07
3;0;2015-08-08
4;2;2015-08-09
5;8;2015-08-10
6;1;2015-08-11
7;8;2015-08-12
8;7;2015-08-13
9;2;2015-08-14
10;5;2015-08-15
11;5;2015-08-16
12;4;2015-08-17
13;1;2015-08-18
1;1;2015-08-19
2;2;2015-08-20
3;3;2015-08-21
4;5;2015-08-22
5;1;2015-08-23
6;3;2015-08-24
7;3;2015-08-25
8;1;2015-08-26
9;9;2015-08-27
10;4;2015-08-28
11;7;2015-08-29
12;8;2015-08-30
13;5;2015-08-31
1;1;2015-09-01
2;5;2015-09-02
3;2;2015-09-03
4;6;2015-09-04
5;9;2015-09-05
6;1;2015-09-06
7;5;2015-09-07
8;8;2015-09-08
9;5;2015-09-09
10;1;2015-09-10
11;9;2015-09-11
12;7;2015-09-12
13;7;2015-09-13
1;9;2015-09-14
2;9;2015-09-15
3;6;2015-09-16
4;3;2015-09-17
5;10;2015-09-18
6;5;2015-09-19
7;0;2015-09-20
8;1;2015-09-21
9;7;2015-09-22
10;10;2015-09-23
11;5;2015-09-24
12;3;2015-09-25
13;1;2015-09-26
1;9;2015-09-27
2;2;2015-09-28
3;3;2015-09-29
4;9;2015-09-30
5;0;2015-10-01
6;6;2015-10-02
7;5;2015-10-03
8;3;2015-10-04
9;8;2015-10-05
10;2;2015-10-06
11;1;2015-10-07
12;1;2015-10-08
13;8;2015-10-09
1;3;2015-10-10
2;3;2015-10-11
3;1;2015-10-12
4;10;2015-10-13
5;7;2015-10-14
6;1;2015-10-15
7;8;2015-10-16
8;2;2015-10-17
9;8;2015-10-18
10;7;2015-10-19
11;6;2015-10-20
12;10;2015-10-21
13;1;2015-10-22
1;3;2015-10-23
2;10;2015-10-24
3;9;2015-10-25
4;7;2015-10-26
5;1;2015-10-27
6;0;2015-10-28
7;9;2015-10-29
8;5;2015-10-30
9;5;2015-10-31
10;8;2015-11-01
11;1;2015-11-02
12;2;2015-11-03
13;1;2015-11-04
1;7;2015-11-05
2;8;2015-11-06
3;6;2015-11-07
4;9;2015-11-08
5;6;2015-11-09
6;4;2015-11-10
7;5;2015-11-11
8;1;2015-11-12
9;2;2015-11-13
10;10;2015-11-14
11;5;2015-11-15
12;7;2015-11-16
13;5;2015-11-17
1;5;2015-11-18
2;6;2015-11-19
3;0;2015-11-20
4;4;2015-11-21
5;1;2015-11-22
6;7;2015-11-23
7;6;2015-11-24
8;3;2015-11-25
9;5;2015-11-26
10;0;2015-11-27
11;5;2015-11-28
12;8;2015-11-29
13;5;2015-11-30
1;2;2015-12-01
2;6;2015-12-02
3;5;2015-12-03
4;7;2015-12-04
5;9;2015-12-05
6;3;2015-12-06
7;8;2015-12-07
8;7;2015-12-08
9;8;2015-12-09
10;9;2015-12-10
11;6;2015-12-11
12;6;2015-12-12
13;7;2015-12-13
1;5;2015-12-14
2;7;2015-12-15
3;2;2015-12-16
4;7;2015-12-17
5;8;2015-12-18
6;5;2015-12-19
7;1;2015-12-20
8;6;2015-12-21
9;8;2015-12-22
10;5;2015-12-23
11;6;2015-12-24
12;8;2015-12-25
13;7;2015-12-26
1;1;2015-12-27
2;4;2015-12-28
3;2;2015-12-29
4;5;2015-12-30
5;2;2015-12-31
6;4;2015-01-01
7;0;2015-01-02
8;6;2015-01-03
9;3;2015-01-04
10;8;2015-01-05
11;8;2015-01-06
12;8;2015-01-07
13;3;2015-01-08
1;9;2015-01-09
2;4;2015-01-10
3;9;2015-01-11
4;6;2015-01-12
5;7;2015-01-13
6;7;2015-01-14
7;3;2015-01-15
8;10;2015-01-16
9;9;2015-01-17
10;3;2015-01-18
11;2;2015-01-19
12;8;2015-01-20
13;8;2015-01-21
1;5;2015-01-22
2;4;2015-01-23
3;5;2015-01-24
4;4;2015-01-25
5;2;2015-01-26
6;6;2015-01-27
7;5;2015-01-28
8;5;2015-01-29
9;4;2015-01-30
10;3;2015-01-31
11;6;2015-02-01
12;9;2015-02-02
13;1;2015-02-03
1;1;2015-02-04
2;8;2015-02-05
3;2;2015-02-06
4;0;2015-02-07
5;1;2015-02-08
6;5;2015-02-09
7;9;2015-02-10
8;1;2015-02-11
9;4;2015-02-12
10;8;2015-02-13
11;9;2015-02-14
12;4;2015-02-15
13;8;2015-02-16
1;9;2015-02-17
2;8;2015-02-18
3;10;2015-02-19
4;1;2015-02-20
5;4;2015-02-21
6;8;2015-02-22
7;1;2015-02-23
8;7;2015-02-24
9;7;2015-02-25
10;1;2015-02-26
11;9;2015-02-27
12;2;2015-02-28
13;5;2015-03-01
1;3;2015-03-02
2;8;2015-03-03
3;9;2015-03-04
4;6;2015-03-05
5;1;2015-03-06
6;8;2015-03-07
7;6;2015-03-08
8;4;2015-03-09
9;5;2015-03-10
10;3;2015-03-11
11;4;2015-03-12
12;3;2015-03-13
13;5;2015-03-14
1;1;2015-03-15
2;8;2015-03-16
3;9;2015-03-17
4;2;2015-03-18
5;6;2015-03-19
6;7;2015-03-20
7;10;2015-03-21
8;6;2015-03-22
9;1;2015-03-23
10;6;2015-03-24
11;7;2015-03-25
12;4;2015-03-26
13;4;2015-03-27
1;5;2015-03-28
2;1;2015-03-29
3;9;2015-03-30
4;9;2015-03-31
5;3;2015-04-01
6;7;2015-04-02
7;7;2015-04-03
8;3;2015-04-04
9;2;2015-04-05
10;8;2015-04-06
11;2;2015-04-07
12;10;2015-04-08
13;5;2015-04-09
1;0;2015-04-10
2;7;2015-04-11
3;8;2015-04-12
4;7;2015-04-13
5;4;2015-04-14
6;10;2015-04-15
7;2;2015-04-16
8;0;2015-04-17
9;4;2015-04-18
10;7;2015-04-19
11;1;2015-04-20
12;1;2015-04-21
13;7;2015-04-22
1;1;2015-04-23
2;9;2015-04-24
3;7;2015-04-25
4;5;2015-04-26
5;7;2015-04-27
6;5;2015-04-28
7;4;2015-04-29
8;8;2015-04-30
9;1;2015-05-01
10;2;2015-05-02
11;7;2015-05-03
12;0;2015-05-04
13;8;2015-05-05
1;2;2015-05-06
2;6;2015-05-07
3;4;2015-05-08
4;9;2015-05-09
5;6;2015-05-10
6;2;2015-05-11
7;3;2015-05-12
8;9;2015-05-13
9;3;2015-05-14
10;9;2015-05-15
11;1;2015-05-16
12;5;2015-05-17
13;1;2015-05-18
1;6;2015-05-19
2;4;2015-05-20
3;9;2015-05-21
4;5;2015-05-22
5;2;2015-05-23
6;7;2015-05-24
7;0;2015-05-25
8;4;2015-05-26
9;2;2015-05-27
10;2;2015-05-28
11;7;2015-05-29
12;3;2015-05-30
13;0;2015-05-31
1;1;2015-06-01
2;3;2015-06-02
3;2;2015-06-03
4;6;2015-06-04
5;7;2015-06-05
6;6;2015-06-06
7;7;2015-06-07
8;7;2015-06-08
9;3;2015-06-09
10;1;2015-06-10
11;3;2015-06-11
12;0;2015-06-12
13;9;2015-06-13
1;10;2015-06-14
2;5;2015-06-15
3;8;2015-06-16
4;0;2015-06-17
5;0;2015-06-18
6;3;2015-06-19
7;6;2015-06-20
8;5;2015-06-21
9;0;2015-06-22
10;8;2015-06-23
11;2;2015-06-24
12;6;2015-06-25
13;6;2015-06-26
1;3;2015-06-27
2;3;2015-06-28
3;6;2015-06-29
4;2;2015-06-30
5;0;2015-07-01
6;1;2015-07-02
7;4;2015-07-03
8;9;2015-07-04
9;1;2015-07-05
10;7;2015-07-06
11;5;2015-07-07
12;3;2015-07-08
13;2;2015-07-09
1;3;2015-07-10
2;5;2015-07-11
3;9;2015-07-12
4;6;2015-07-13
5;4;2015-07-14
6;4;2015-07-15
7;3;2015-07-16
8;3;2015-07-17
9;8;2015-07-18
10;8;2015-07-19
11;7;2015-07-20
12;7;2015-07-21
13;2;2015-07-22
1;5;2015-07-23
2;6;2015-07-24
3;8;2015-07-25
4;1;2015-07-26
5;0;2015-07-27
6;4;2015-07-28
7;5;2015-07-29
8;9;2015-07-30
9;9;2015-07-31
10;2;2015-08-01
11;2;2015-08-02
12;10;2015-08-03
13;2;2015-08-04
1;1;2015-08-05
2;3;2015-08-06
3;8;2015-08-07
4;9;2015-08-08
5;1;2015-08-09
6;8;2015-08-10
7;9;2015-08-11
8;3;2015-08-12
9;3;2015-08-13
10;4;2015-08-14
11;9;2015-08-15
12;0;2015-08-16
13;6;2015-08-17
1;1;2015-08-18
2;10;2015-08-19
3;2;2015-08-20
4;7;2015-08-21
5;4;2015-08-22
6;1;2015-08-23
7;6;2015-08-24
8;9;2015-08-25
9;6;2015-08-26
10;6;2015-08-27
11;2;2015-08-28
12;9;2015-08-29
13;4;2015-08-30
1;7;2015-08-31
2;7;2015-09-01
3;3;2015-09-02
4;2;2015-09-03
5;1;2015-09-04
6;4;2015-09-05
7;2;2015-09-06
8;7;2015-09-07
9;1;2015-09-08
10;10;2015-09-09
11;0;2015-09-10
12;7;2015-09-11
13;1;2015-09-12
1;1;2015-09-13
2;7;2015-09-14
3;8;2015-09-15
4;6;2015-09-16
5;5;2015-09-17
6;0;2015-09-18
7;1;2015-09-19
8;5;2015-09-20
9;3;2015-09-21
10;7;2015-09-22
11;2;2015-09-23
12;6;2015-09-24
13;5;2015-09-25
1;1;2015-09-26
2;5;2015-09-27
3;1;2015-09-28
4;3;2015-09-29
5;7;2015-09-30
6;7;2015-10-01
7;6;2015-10-02
8;10;2015-10-03
9;8;2015-10-04
10;10;2015-10-05
11;10;2015-10-06
12;8;2015-10-07
13;6;2015-10-08
1;3;2015-10-09
2;3;2015-10-10
3;8;2015-10-11
4;1;2015-10-12
5;2;2015-10-13
6;1;2015-10-14
7;4;2015-10-15
8;3;2015-10-16
9;1;2015-10-17
10;6;2015-10-18
11;2;2015-10-19
12;5;2015-10-20
13;1;2015-10-21
1;8;2015-10-22
2;6;2015-10-23
3;2;2015-10-24
4;7;2015-10-25
5;10;2015-10-26
6;5;2015-10-27
7;4;2015-10-28
8;3;2015-10-29
9;6;2015-10-30
10;9;2015-10-31
11;7;2015-11-01
12;6;2015-11-02
13;5;2015-11-03
1;3;2015-11-04
2;2;2015-11-05
3;6;2015-11-06
4;9;2015-11-07
5;7;2015-11-08
6;1;2015-11-09
7;8;2015-11-10
8;1;2015-11-11
9;5;2015-11-12
10;4;2015-11-13
11;1;2015-11-14
12;4;2015-11-15
13;9;2015-11-16
1;1;2015-11-17
2;4;2015-11-18
3;6;2015-11-19
4;6;2015-11-20
5;10;2015-11-21
6;7;2015-11-22
7;8;2015-11-23
8;6;2015-11-24
9;4;2015-11-25
10;2;2015-11-26
11;9;2015-11-27
12;0;2015-11-28
13;6;2015-11-29
1;0;2015-11-30
2;2;2015-12-01
3;1;2015-12-02
4;4;2015-12-03
5;7;2015-12-04
6;8;2015-12-05
7;1;2015-12-06
8;2;2015-12-07
9;9;2015-12-08
10;6;2015-12-09
11;1;2015-12-10
12;1;2015-12-11
13;9;2015-12-12
1;6;2015-12-13
2;6;2015-12-14
3;1;2015-12-15
4;8;2015-12-16
5;1;2015-12-17
6;1;2015-12-18
7;6;2015-12-19
8;2;2015-12-20
9;2;2015-12-21
10;4;2015-12-22
11;0;2015-12-23
12;7;2015-12-24
13;4;2015-12-25
1;2;2015-12-26
2;6;2015-12-27
3;8;2015-12-28
4;6;2015-12-29
5;8;2015-12-30
6;1;2015-12-31
7;8;2015-01-01
8;1;2015-01-02
9;7;2015-01-03
10;2;2015-01-04
11;10;2015-01-05
12;0;2015-01-06
13;1;2015-01-07
1;8;2015-01-08
2;1;2015-01-09
3;9;2015-01-10
4;10;2015-01-11
5;4;2015-01-12
6;7;2015-01-13
7;3;2015-01-14
8;9;2015-01-15
9;6;2015-01-16
10;2;2015-01-17
11;2;2015-01-18
12;3;2015-01-19
13;7;2015-01-20
1;5;2015-01-21
2;7;2015-01-22
3;9;2015-01-23
4;5;2015-01-24
5;2;2015-01-25
6;8;2015-01-26
7;0;2015-01-27
8;1;2015-01-28
9;8;2015-01-29
10;1;2015-01-30
11;10;2015-01-31
12;9;2015-02-01
13;1;2015-02-02
1;5;2015-02-03
2;6;2015-02-04
3;9;2015-02-05
4;9;2015-02-06
5;6;2015-02-07
6;3;2015-02-08
7;6;2015-02-09
8;1;2015-02-10
9;8;2015-02-11
10;8;2015-02-12
11;8;2015-02-13
12;2;2015-02-14
13;9;2015-02-15
1;3;2015-02-16
2;6;2015-02-17
3;6;2015-02-18
4;2;2015-02-19
5;7;2015-02-20
6;4;2015-02-21
7;5;2015-02-22
8;5;2015-02-23
9;5;2015-02-24
10;5;2015-02-25
11;0;2015-02-26
12;8;2015-02-27
13;2;2015-02-28
1;6;2015-03-01
2;7;2015-03-02
3;6;2015-03-03
4;9;2015-03-04
5;7;2015-03-05
6;5;2015-03-06
7;4;2015-03-07
8;9;2015-03-08
9;5;2015-03-09
10;1;2015-03-10
11;6;2015-03-11
12;5;2015-03-12
13;9;2015-03-13
1;5;2015-03-14
2;0;2015-03-15
3;7;2015-03-16
4;4;2015-03-17
5;7;2015-03-18
6;2;2015-03-19
7;4;2015-03-20
8;4;2015-03-21
9;10;2015-03-22
10;7;2015-03-23
11;6;2015-03-24
12;8;2015-03-25
13;2;2015-03-26
1;9;2015-03-27
2;3;2015-03-28
3;0;2015-03-29
4;3;2015-03-30
5;9;2015-03-31
6;7;2015-04-01
7;6;2015-04-02
8;2;2015-04-03
9;3;2015-04-04
10;9;2015-04-05
11;9;2015-04-06
12;8;2015-04-07
13;6;2015-04-08
1;2;2015-04-09
2;5;2015-04-10
3;9;2015-04-11
4;5;2015-04-12
5;2;2015-04-13
6;10;2015-04-14
7;5;2015-04-15
8;0;2015-04-16
9;7;2015-04-17
10;6;2015-04-18
11;5;2015-04-19
12;5;2015-04-20
13;7;2015-04-21
1;8;2015-04-22
2;5;2015-04-23
3;1;2015-04-24
4;6;2015-04-25
5;7;2015-04-26
6;10;2015-04-27
7;9;2015-04-28
8;5;2015-04-29
9;8;2015-04-30
10;6;2015-05-01
11;5;2015-05-02
12;3;2015-05-03
13;4;2015-05-04
1;0;2015-05-05
2;1;2015-05-06
3;4;2015-05-07
4;7;2015-05-08
5;0;2015-05-09
6;5;2015-05-10
7;1;2015-05-11
8;6;2015-05-12
9;6;2015-05-13
10;5;2015-05-14
11;5;2015-05-15
12;7;2015-05-16
13;8;2015-05-17
1;7;2015-05-18
2;8;2015-05-19
3;9;2015-05-20
4;9;2015-05-21
5;1;2015-05-22
6;9;2015-05-23
7;8;2015-05-24
8;2;2015-05-25
9;6;2015-05-26
10;1;2015-05-27
11;10;2015-05-28
12;9;2015-05-29
13;1;2015-05-30
1;5;2015-05-31
2;7;2015-06-01
3;5;2015-06-02
4;3;2015-06-03
5;3;2015-06-04
6;10;2015-06-05
7;6;2015-06-06
8;4;2015-06-07
9;1;2015-06-08
10;7;2015-06-09
11;6;2015-06-10
12;10;2015-06-11
13;9;2015-06-12
1;10;2015-06-13
2;1;2015-06-14
3;6;2015-06-15
4;1;2015-06-16
5;6;2015-06-17
6;8;2015-06-18
7;3;2015-06-19
8;7;2015-06-20
9;0;2015-06-21
10;7;2015-06-22
11;5;2015-06-23
12;0;2015-06-24
13;3;2015-06-25
1;1;2015-06-26
2;3;2015-06-27
3;1;2015-06-28
4;5;2015-06-29
5;9;2015-06-30
6;4;2015-07-01
7;4;2015-07-02
8;1;2015-07-03
9;4;2015-07-04
10;6;2015-07-05
11;9;2015-07-06
12;8;2015-07-07
13;0;2015-07-08
1;6;2015-07-09
2;3;2015-07-10
3;9;2015-07-11
4;10;2015-07-12
5;7;2015-07-13
6;8;2015-07-14
7;9;2015-07-15
8;1;2015-07-16
9;0;2015-07-17
10;2;2015-07-18
11;8;2015-07-19
12;10;2015-07-20
13;4;2015-07-21
1;9;2015-07-22
2;4;2015-07-23
3;10;2015-07-24
4;6;2015-07-25
5;4;2015-07-26
6;9;2015-07-27
7;3;2015-07-28
8;2;2015-07-29
9;7;2015-07-30
10;4;2015-07-31
11;6;2015-08-01
12;9;2015-08-02
13;8;2015-08-03
1;9;2015-08-04
2;10;2015-08-05
3;10;2015-08-06
4;0;2015-08-07
5;1;2015-08-08
6;5;2015-08-09
7;10;2015-08-10
8;2;2015-08-11
9;4;2015-08-12
10;3;2015-08-13
11;8;2015-08-14
12;1;2015-08-15
13;8;2015-08-16
1;4;2015-08-17
2;1;2015-08-18
3;5;2015-08-19
4;5;2015-08-20
5;7;2015-08-21
6;6;2015-08-22
7;8;2015-08-23
8;2;2015-08-24
9;10;2015-08-25
10;2;2015-08-26
11;6;2015-08-27
12;1;2015-08-28
13;1;2015-08-29
1;0;2015-08-30
2;9;2015-08-31
3;2;2015-09-01
4;5;2015-09-02
5;9;2015-09-03
6;4;2015-09-04
7;3;2015-09-05
8;5;2015-09-06
9;9;2015-09-07
10;6;2015-09-08
11;5;2015-09-09
12;2;2015-09-10
13;5;2015-09-11
1;4;2015-09-12
2;5;2015-09-13
3;2;2015-09-14
4;5;2015-09-15
5;2;2015-09-16
6;4;2015-09-17
7;5;2015-09-18
8;2;2015-09-19
9;8;2015-09-20
10;3;2015-09-21
11;8;2015-09-22
12;6;2015-09-23
13;2;2015-09-24
1;2;2015-09-25
2;0;2015-09-26
3;3;2015-09-27
4;8;2015-09-28
5;1;2015-09-29
6;9;2015-09-30
7;3;2015-10-01
8;4;2015-10-02
9;5;2015-10-03
10;0;2015-10-04
11;1;2015-10-05
12;10;2015-10-06
13;4;2015-10-07
1;7;2015-10-08
2;4;2015-10-09
3;8;2015-10-10
4;8;2015-10-11
5;7;2015-10-12
6;9;2015-10-13
7;4;2015-10-14
8;5;2015-10-15
9;5;2015-10-16
10;4;2015-10-17
11;8;2015-10-18
12;9;2015-10-19
13;5;2015-10-20
1;0;2015-10-21
2;6;2015-10-22
3;4;2015-10-23
4;7;2015-10-24
5;2;2015-10-25
6;3;2015-10-26
7;8;2015-10-27
8;2;2015-10-28
9;1;2015-10-29
10;6;2015-10-30
11;10;2015-10-31
12;0;2015-11-01
13;2;2015-11-02
1;7;2015-11-03
2;3;2015-11-04
3;4;2015-11-05
4;7;2015-11-06
5;2;2015-11-07
6;4;2015-11-08
7;1;2015-11-09
8;1;2015-11-10
9;7;2015-11-11
10;9;2015-11-12
11;7;2015-11-13
12;7;2015-11-14
13;5;2015-11-15
1;5;2015-11-16
2;1;2015-11-17
3;8;2015-11-18
4;8;2015-11-19
5;2;2015-11-20
6;2;2015-11-21
7;5;2015-11-22
8;8;2015-11-23
9;2;2015-11-24
10;3;2015-11-25
11;0;2015-11-26
12;10;2015-11-27
13;9;2015-11-28
1;6;2015-11-29
2;9;2015-11-30
3;4;2015-12-01
4;7;2015-12-02
5;10;2015-12-03
6;2;2015-12-04
7;7;2015-12-05
8;4;2015-12-06
9;9;2015-12-07
10;1;2015-12-08
11;2;2015-12-09
12;3;2015-12-10
13;8;2015-12-11
1;7;2015-12-12
2;7;2015-12-13
3;9;2015-12-14
4;2;2015-12-15
5;1;2015-12-16
6;4;2015-12-17
7;9;2015-12-18
8;8;2015-12-19
9;4;2015-12-20
10;1;2015-12-21
11;6;2015-12-22
12;6;2015-12-23
13;6;2015-12-24
1;0;2015-12-25
2;2;2015-12-26
3;1;2015-12-27
4;9;2015-12-28
5;5;2015-12-29
6;6;2015-12-30
7;9;2015-12-31
8;8;2015-01-01
9;5;2015-01-02
10;4;2015-01-03
11;7;2015-01-04
12;2;2015-01-05
13;5;2015-01-06
1;6;2015-01-07
2;8;2015-01-08
3;9;2015-01-09
4;1;2015-01-10
5;4;2015-01-11
6;0;2015-01-12
7;0;2015-01-13
8;3;2015-01-14
9;9;2015-01-15
10;5;2015-01-16
11;4;2015-01-17
12;3;2015-01-18
13;5;2015-01-19
1;8;2015-01-20
2;8;2015-01-21
3;7;2015-01-22
4;1;2015-01-23
5;1;2015-01-24
6;1;2015-01-25
7;7;2015-01-26
8;8;2015-01-27
9;7;2015-01-28
10;3;2015-01-29
11;3;2015-01-30
12;0;2015-01-31
13;8;2015-02-01
1;2;2015-02-02
2;3;2015-02-03
3;3;2015-02-04
4;7;2015-02-05
5;6;2015-02-06
6;9;2015-02-07
7;6;2015-02-08
8;3;2015-02-09
9;2;2015-02-10
10;5;2015-02-11
11;7;2015-02-12
12;6;2015-02-13
13;8;2015-02-14
1;10;2015-02-15
2;9;2015-02-16
3;1;2015-02-17
4;4;2015-02-18
5;6;2015-02-19
6;8;2015-02-20
7;9;2015-02-21
8;3;2015-02-22
9;6;2015-02-23
10;5;2015-02-24
11;5;2015-02-25
12;4;2015-02-26
13;9;2015-02-27
1;8;2015-02-28
2;3;2015-03-01
3;10;2015-03-02
4;2;2015-03-03
5;9;2015-03-04
6;4;2015-03-05
7;4;2015-03-06
8;4;2015-03-07
9;6;2015-03-08
10;3;2015-03-09
11;2;2015-03-10
12;0;2015-03-11
13;0;2015-03-12
1;6;2015-03-13
2;8;2015-03-14
3;5;2015-03-15
4;4;2015-03-16
5;8;2015-03-17
6;10;2015-03-18
7;5;2015-03-19
8;8;2015-03-20
9;3;2015-03-21
10;5;2015-03-22
11;6;2015-03-23
12;6;2015-03-24
13;1;2015-03-25
1;2;2015-03-26
2;9;2015-03-27
3;1;2015-03-28
4;3;2015-03-29
5;1;2015-03-30
6;1;2015-03-31
7;8;2015-04-01
8;1;2015-04-02
9;6;2015-04-03
10;1;2015-04-04
11;2;2015-04-05
12;1;2015-04-06
13;6;2015-04-07
1;3;2015-04-08
2;7;2015-04-09
3;7;2015-04-10
4;1;2015-04-11
5;8;2015-04-12
6;9;2015-04-13
7;0;2015-04-14
8;3;2015-04-15
9;5;2015-04-16
10;1;2015-04-17
11;9;2015-04-18
12;9;2015-04-19
13;9;2015-04-20
1;10;2015-04-21
2;4;2015-04-22
3;1;2015-04-23
4;0;2015-04-24
5;8;2015-04-25
6;7;2015-04-26
7;9;2015-04-27
8;3;2015-04-28
9;7;2015-04-29
10;6;2015-04-30
11;7;2015-05-01
12;8;2015-05-02
13;1;2015-05-03
1;1;2015-05-04
2;7;2015-05-05
3;3;2015-05-06
4;1;2015-05-07
5;9;2015-05-08
6;1;2015-05-09
7;7;2015-05-10
8;1;2015-05-11
9;9;2015-05-12
10;7;2015-05-13
11;0;2015-05-14
12;6;2015-05-15
13;8;2015-05-16
1;0;2015-05-17
2;7;2015-05-18
3;8;2015-05-19
4;3;2015-05-20
5;5;2015-05-21
6;7;2015-05-22
7;2;2015-05-23
8;1;2015-05-24
9;6;2015-05-25
10;10;2015-05-26
11;5;2015-05-27
12;8;2015-05-28
13;7;2015-05-29
1;0;2015-05-30
2;2;2015-05-31
3;2;2015-06-01
4;6;2015-06-02
5;3;2015-06-03
6;5;2015-06-04
7;1;2015-06-05
8;4;2015-06-06
9;10;2015-06-07
10;6;2015-06-08
11;2;2015-06-09
12;9;2015-06-10
13;2;2015-06-11
1;7;2015-06-12
2;7;2015-06-13
3;8;2015-06-14
4;2;2015-06-15
5;3;2015-06-16
6;1;2015-06-17
7;5;2015-06-18
8;8;2015-06-19
9;7;2015-06-20
10;9;2015-06-21
11;7;2015-06-22
12;8;2015-06-23
13;4;2015-06-24
1;5;2015-06-25
2;3;2015-06-26
3;1;2015-06-27
4;6;2015-06-28
5;4;2015-06-29
6;4;2015-06-30
7;8;2015-07-01
8;7;2015-07-02
9;8;2015-07-03
10;0;2015-07-04
11;1;2015-07-05
12;3;2015-07-06
13;6;2015-07-07
1;8;2015-07-08
2;6;2015-07-09
3;5;2015-07-10
4;4;2015-07-11
5;9;2015-07-12
6;2;2015-07-13
7;3;2015-07-14
8;8;2015-07-15
9;2;2015-07-16
10;3;2015-07-17
11;6;2015-07-18
12;2;2015-07-19
13;8;2015-07-20
1;9;2015-07-21
2;10;2015-07-22
3;4;2015-07-23
4;10;2015-07-24
5;5;2015-07-25
6;2;2015-07-26
7;8;2015-07-27
8;9;2015-07-28
9;2;2015-07-29
10;2;2015-07-30
11;3;2015-07-31
12;7;2015-08-01
13;4;2015-08-02
1;4;2015-08-03
2;4;2015-08-04
3;3;2015-08-05
4;3;2015-08-06
5;7;2015-08-07
6;2;2015-08-08
7;4;2015-08-09
8;2;2015-08-10
9;7;2015-08-11
10;6;2015-08-12
11;1;2015-08-13
12;2;2015-08-14
13;8;2015-08-15
1;8;2015-08-16
2;6;2015-08-17
3;0;2015-08-18
4;3;2015-08-19
5;4;2015-08-20
6;3;2015-08-21
7;9;2015-08-22
8;0;2015-08-23
9;0;2015-08-24
10;0;2015-08-25
11;9;2015-08-26
12;1;2015-08-27
13;4;2015-08-28
1;5;2015-08-29
2;7;2015-08-30
3;9;2015-08-31
4;10;2015-09-01
5;9;2015-09-02
6;5;2015-09-03
7;1;2015-09-04
8;5;2015-09-05
9;4;2015-09-06
10;10;2015-09-07
11;2;2015-09-08
12;3;2015-09-09
13;3;2015-09-10
1;5;2015-09-11
2;4;2015-09-12
3;4;2015-09-13
4;9;2015-09-14
5;9;2015-09-15
6;4;2015-09-16
7;10;2015-09-17
8;7;2015-09-18
9;9;2015-09-19
10;1;2015-09-20
11;7;2015-09-21
12;9;2015-09-22
13;1;2015-09-23
1;10;2015-09-24
2;7;2015-09-25
3;5;2015-09-26
4;8;2015-09-27
5;3;2015-09-28
6;1;2015-09-29
7;2;2015-09-30
8;10;2015-10-01
9;7;2015-10-02
10;4;2015-10-03
11;8;2015-10-04
12;8;2015-10-05
13;8;2015-10-06
1;7;2015-10-07
2;9;2015-10-08
3;1;2015-10-09
4;8;2015-10-10
5;5;2015-10-11
6;3;2015-10-12
7;7;2015-10-13
8;6;2015-10-14
9;6;2015-10-15
10;7;2015-10-16
11;5;2015-10-17
12;1;2015-10-18
13;3;2015-10-19
1;6;2015-10-20
2;4;2015-10-21
3;9;2015-10-22
4;2;2015-10-23
5;2;2015-10-24
6;4;2015-10-25
7;9;2015-10-26
8;1;2015-10-27
9;4;2015-10-28
10;8;2015-10-29
11;3;2015-10-30
12;2;2015-10-31
13;2;2015-11-01
1;7;2015-11-02
2;9;2015-11-03
3;2;2015-11-04
4;2;2015-11-05
5;4;2015-11-06
6;4;2015-11-07
7;5;2015-11-08
8;3;2015-11-09
9;10;2015-11-10
10;0;2015-11-11
11;2;2015-11-12
12;9;2015-11-13
13;1;2015-11-14
1;5;2015-11-15
2;10;2015-11-16
3;5;2015-11-17
4;10;2015-11-18
5;4;2015-11-19
6;1;2015-11-20
7;1;2015-11-21
8;2;2015-11-22
9;9;2015-11-23
10;9;2015-11-24
11;4;2015-11-25
12;1;2015-11-26
13;5;2015-11-27
1;7;2015-11-28
2;5;2015-11-29
3;2;2015-11-30
4;8;2015-12-01
5;5;2015-12-02
6;6;2015-12-03
7;10;2015-12-04
8;4;2015-12-05
9;5;2015-12-06
10;1;2015-12-07
11;1;2015-12-08
12;5;2015-12-09
13;10;2015-12-10
1;7;2015-12-11
2;3;2015-12-12
3;5;2015-12-13
4;9;2015-12-14
5;8;2015-12-15
6;6;2015-12-16
7;10;2015-12-17
8;3;2015-12-18
9;1;2015-12-19
10;1;2015-12-20
11;8;2015-12-21
12;6;2015-12-22
13;2;2015-12-23
1;0;2015-12-24
2;0;2015-12-25
3;3;2015-12-26
4;0;2015-12-27
5;0;2015-12-28
6;9;2015-12-29
7;8;2015-12-30
8;4;2015-12-31
9;7;2015-01-01
10;2;2015-01-02
11;8;2015-01-03
12;2;2015-01-04
13;5;2015-01-05
1;7;2015-01-06
2;7;2015-01-07
3;4;2015-01-08
4;10;2015-01-09
5;10;2015-01-10
6;6;2015-01-11
7;8;2015-01-12
8;3;2015-01-13
9;5;2015-01-14
10;0;2015-01-15
11;9;2015-01-16
12;7;2015-01-17
13;0;2015-01-18
1;1;2015-01-19
2;7;2015-01-20
3;2;2015-01-21
4;7;2015-01-22
5;7;2015-01-23
6;8;2015-01-24
7;5;2015-01-25
8;8;2015-01-26
9;10;2015-01-27
10;4;2015-01-28
11;9;2015-01-29
12;6;2015-01-30
13;3;2015-01-31
1;1;2015-02-01
2;7;2015-02-02
3;9;2015-02-03
4;3;2015-02-04
5;4;2015-02-05
6;1;2015-02-06
7;2;2015-02-07
8;8;2015-02-08
9;7;2015-02-09
10;0;2015-02-10
11;2;2015-02-11
12;2;2015-02-12
13;9;2015-02-13
1;7;2015-02-14
2;7;2015-02-15
3;7;2015-02-16
4;7;2015-02-17
5;0;2015-02-18
6;5;2015-02-19
7;4;2015-02-20
8;3;2015-02-21
9;2;2015-02-22
10;3;2015-02-23
11;6;2015-02-24
12;4;2015-02-25
13;2;2015-02-26
1;8;2015-02-27
2;2;2015-02-28
3;8;2015-03-01
4;10;2015-03-02
5;3;2015-03-03
6;3;2015-03-04
7;7;2015-03-05
8;3;2015-03-06
9;8;2015-03-07
10;3;2015-03-08
11;1;2015-03-09
12;10;2015-03-10
13;6;2015-03-11
1;1;2015-03-12
2;9;2015-03-13
3;7;2015-03-14
4;9;2015-03-15
5;0;2015-03-16
6;9;2015-03-17
7;5;2015-03-18
8;9;2015-03-19
9;8;2015-03-20
10;4;2015-03-21
11;7;2015-03-22
12;4;2015-03-23
13;2;2015-03-24
1;6;2015-03-25
2;8;2015-03-26
3;6;2015-03-27
4;1;2015-03-28
5;4;2015-03-29
6;2;2015-03-30
7;8;2015-03-31
8;7;2015-04-01
9;8;2015-04-02
10;4;2015-04-03
11;5;2015-04-04
12;2;2015-04-05
13;6;2015-04-06
1;3;2015-04-07
2;4;2015-04-08
3;5;2015-04-09
4;5;2015-04-10
5;7;2015-04-11
6;3;2015-04-12
7;2;2015-04-13
8;9;2015-04-14
9;8;2015-04-15
10;2;2015-04-16
11;9;2015-04-17
12;9;2015-04-18
13;8;2015-04-19
1;4;2015-04-20
2;8;2015-04-21
3;2;2015-04-22
4;8;2015-04-23
5;1;2015-04-24
6;8;2015-04-25
7;2;2015-04-26
8;4;2015-04-27
9;7;2015-04-28
10;10;2015-04-29
11;8;2015-04-30
12;5;2015-05-01
13;9;2015-05-02
1;7;2015-05-03
2;0;2015-05-04
3;4;2015-05-05
4;9;2015-05-06
5;3;2015-05-07
6;10;2015-05-08
7;7;2015-05-09
8;2;2015-05-10
9;5;2015-05-11
10;5;2015-05-12
11;4;2015-05-13
12;4;2015-05-14
13;5;2015-05-15
1;5;2015-05-16
2;4;2015-05-17
3;2;2015-05-18
4;9;2015-05-19
5;9;2015-05-20
6;4;2015-05-21
7;8;2015-05-22
8;7;2015-05-23
9;6;2015-05-24
10;5;2015-05-25
11;3;2015-05-26
12;3;2015-05-27
13;7;2015-05-28
1;9;2015-05-29
2;4;2015-05-30
3;6;2015-05-31
4;7;2015-06-01
5;5;2015-06-02
6;7;2015-06-03
7;3;2015-06-04
8;6;2015-06-05
9;5;2015-06-06
10;4;2015-06-07
11;2;2015-06-08
12;0;2015-06-09
13;5;2015-06-10
1;9;2015-06-11
2;1;2015-06-12
3;10;2015-06-13
4;1;2015-06-14
5;2;2015-06-15
6;6;2015-06-16
7;1;2015-06-17
8;5;2015-06-18
9;7;2015-06-19
10;2;2015-06-20
11;7;2015-06-21
12;5;2015-06-22
13;6;2015-06-23
1;5;2015-06-24
2;0;2015-06-25
3;7;2015-06-26
4;6;2015-06-27
5;4;2015-06-28
6;9;2015-06-29
7;3;2015-06-30
8;9;2015-07-01
9;1;2015-07-02
10;6;2015-07-03
11;3;2015-07-04
12;1;2015-07-05
13;6;2015-07-06
1;9;2015-07-07
2;5;2015-07-08
3;4;2015-07-09
4;0;2015-07-10
5;1;2015-07-11
6;9;2015-07-12
7;5;2015-07-13
8;6;2015-07-14
9;3;2015-07-15
10;3;2015-07-16
11;7;2015-07-17
12;5;2015-07-18
13;2;2015-07-19
1;1;2015-07-20
2;10;2015-07-21
3;2;2015-07-22
4;7;2015-07-23
5;1;2015-07-24
6;6;2015-07-25
7;4;2015-07-26
8;5;2015-07-27
9;1;2015-07-28
10;8;2015-07-29
11;7;2015-07-30
12;9;2015-07-31
13;6;2015-08-01
1;3;2015-08-02
2;1;2015-08-03
3;2;2015-08-04
4;9;2015-08-05
5;5;2015-08-06
6;10;2015-08-07
7;7;2015-08-08
8;7;2015-08-09
9;3;2015-08-10
10;8;2015-08-11
11;1;2015-08-12
12;2;2015-08-13
13;3;2015-08-14
1;1;2015-08-15
2;8;2015-08-16
3;7;2015-08-17
4;3;2015-08-18
5;3;2015-08-19
6;7;2015-08-20
7;2;2015-08-21
8;3;2015-08-22
9;3;2015-08-23
10;6;2015-08-24
11;0;2015-08-25
12;9;2015-08-26
13;10;2015-08-27
1;7;2015-08-28
2;1;2015-08-29
3;0;2015-08-30
4;6;2015-08-31
5;3;2015-09-01
6;8;2015-09-02
7;6;2015-09-03
8;8;2015-09-04
9;4;2015-09-05
10;6;2015-09-06
11;2;2015-09-07
12;4;2015-09-08
13;9;2015-09-09
1;4;2015-09-10
2;8;2015-09-11
3;0;2015-09-12
4;2;2015-09-13
5;7;2015-09-14
6;8;2015-09-15
7;7;2015-09-16
8;4;2015-09-17
9;3;2015-09-18
10;4;2015-09-19
11;3;2015-09-20
12;4;2015-09-21
13;1;2015-09-22
1;5;2015-09-23
2;5;2015-09-24
3;4;2015-09-25
4;9;2015-09-26
5;6;2015-09-27
6;7;2015-09-28
7;7;2015-09-29
8;4;2015-09-30
9;4;2015-10-01
10;7;2015-10-02
11;6;2015-10-03
12;2;2015-10-04
13;8;2015-10-05
1;1;2015-10-06
2;2;2015-10-07
3;9;2015-10-08
4;8;2015-10-09
5;6;2015-10-10
6;10;2015-10-11
7;2;2015-10-12
8;7;2015-10-13
9;2;2015-10-14
10;4;2015-10-15
11;8;2015-10-16
12;8;2015-10-17
13;4;2015-10-18
1;0;2015-10-19
2;8;2015-10-20
3;8;2015-10-21
4;6;2015-10-22
5;0;2015-10-23
6;0;2015-10-24
7;1;2015-10-25
8;1;2015-10-26
9;6;2015-10-27
10;6;2015-10-28
11;8;2015-10-29
12;10;2015-10-30
13;10;2015-10-31
1;3;2015-11-01
2;4;2015-11-02
3;7;2015-11-03
4;7;2015-11-04
5;7;2015-11-05
6;5;2015-11-06
7;1;2015-11-07
8;5;2015-11-08
9;6;2015-11-09
10;1;2015-11-10
11;3;2015-11-11
12;9;2015-11-12
13;8;2015-11-13
1;5;2015-11-14
2;4;2015-11-15
3;7;2015-11-16
4;3;2015-11-17
5;0;2015-11-18
6;8;2015-11-19
7;1;2015-11-20
8;1;2015-11-21
9;7;2015-11-22
10;5;2015-11-23
11;5;2015-11-24
12;2;2015-11-25
13;8;2015-11-26
1;1;2015-11-27
2;7;2015-11-28
3;8;2015-11-29
4;3;2015-11-30
5;1;2015-12-01
6;4;2015-12-02
7;1;2015-12-03
8;4;2015-12-04
9;8;2015-12-05
10;8;2015-12-06
11;7;2015-12-07
12;7;2015-12-08
13;10;2015-12-09
1;1;2015-12-10
2;5;2015-12-11
3;6;2015-12-12
4;3;2015-12-13
5;10;2015-12-14
6;9;2015-12-15
7;7;2015-12-16
8;5;2015-12-17
9;10;2015-12-18
10;9;2015-12-19
11;1;2015-12-20
12;5;2015-12-21
13;1;2015-12-22
1;9;2015-12-23
2;4;2015-12-24
3;1;2015-12-25
4;9;2015-12-26
5;6;2015-12-27
6;2;2015-12-28
7;9;2015-12-29
8;4;2015-12-30
9;6;2015-12-31
10;1;2015-01-01
11;7;2015-01-02
12;7;2015-01-03
13;7;2015-01-04
1;2;2015-01-05
2;2;2015-01-06
3;8;2015-01-07
4;6;2015-01-08
5;2;2015-01-09
6;8;2015-01-10
7;7;2015-01-11
8;9;2015-01-12
9;10;2015-01-13
10;9;2015-01-14
11;8;2015-01-15
12;10;2015-01-16
13;6;2015-01-17
1;8;2015-01-18
2;1;2015-01-19
3;4;2015-01-20
4;6;2015-01-21
5;7;2015-01-22
6;10;2015-01-23
7;4;2015-01-24
8;10;2015-01-25
9;4;2015-01-26
10;3;2015-01-27
11;10;2015-01-28
12;1;2015-01-29
13;2;2015-01-30
1;0;2015-01-31
2;6;2015-02-01
3;7;2015-02-02
4;6;2015-02-03
5;1;2015-02-04
6;7;2015-02-05
7;10;2015-02-06
8;10;2015-02-07
9;8;2015-02-08
10;1;2015-02-09
11;4;2015-02-10
12;1;2015-02-11
13;0;2015-02-12
1;7;2015-02-13
2;1;2015-02-14
3;0;2015-02-15
4;6;2015-02-16
5;6;2015-02-17
6;1;2015-02-18
7;6;2015-02-19
8;8;2015-02-20
9;1;2015-02-21
10;5;2015-02-22
11;5;2015-02-23
12;1;2015-02-24
13;6;2015-02-25
1;6;2015-02-26
2;0;2015-02-27
3;7;2015-02-28
4;5;2015-03-01
5;3;2015-03-02
6;2;2015-03-03
7;10;2015-03-04
8;5;2015-03-05
9;2;2015-03-06
10;4;2015-03-07
11;7;2015-03-08
12;9;2015-03-09
13;4;2015-03-10
1;6;2015-03-11
2;10;2015-03-12
3;3;2015-03-13
4;1;2015-03-14
5;2;2015-03-15
6;8;2015-03-16
7;3;2015-03-17
8;3;2015-03-18
9;4;2015-03-19
10;4;2015-03-20
11;5;2015-03-21
12;1;2015-03-22
13;2;2015-03-23
1;8;2015-03-24
2;3;2015-03-25
3;2;2015-03-26
4;5;2015-03-27
5;7;2015-03-28
6;4;2015-03-29
7;2;2015-03-30
8;10;2015-03-31
9;5;2015-04-01
10;1;2015-04-02
11;7;2015-04-03
12;3;2015-04-04
13;5;2015-04-05
1;9;2015-04-06
2;1;2015-04-07
3;6;2015-04-08
4;9;2015-04-09
5;7;2015-04-10
6;9;2015-04-11
7;3;2015-04-12
8;3;2015-04-13
9;0;2015-04-14
10;7;2015-04-15
11;1;2015-04-16
12;3;2015-04-17
13;6;2015-04-18
1;1;2015-04-19
2;5;2015-04-20
3;10;2015-04-21
4;3;2015-04-22
5;4;2015-04-23
6;7;2015-04-24
7;9;2015-04-25
8;9;2015-04-26
9;1;2015-04-27
10;3;2015-04-28
11;9;2015-04-29
12;4;2015-04-30
13;1;2015-05-01
1;7;2015-05-02
2;4;2015-05-03
3;6;2015-05-04
4;6;2015-05-05
5;6;2015-05-06
6;5;2015-05-07
7;9;2015-05-08
8;5;2015-05-09
9;9;2015-05-10
10;9;2015-05-11
11;0;2015-05-12
12;10;2015-05-13
13;7;2015-05-14
1;3;2015-05-15
2;5;2015-05-16
3;6;2015-05-17
4;5;2015-05-18
5;0;2015-05-19
6;9;2015-05-20
7;0;2015-05-21
8;5;2015-05-22
9;5;2015-05-23
10;5;2015-05-24
11;6;2015-05-25
12;6;2015-05-26
13;9;2015-05-27
1;6;2015-05-28
2;5;2015-05-29
3;4;2015-05-30
4;5;2015-05-31
5;6;2015-06-01
6;9;2015-06-02
7;7;2015-06-03
8;3;2015-06-04
9;7;2015-06-05
10;3;2015-06-06
11;0;2015-06-07
12;7;2015-06-08
13;3;2015-06-09
1;4;2015-06-10
2;8;2015-06-11
3;5;2015-06-12
4;8;2015-06-13
5;7;2015-06-14
6;9;2015-06-15
7;9;2015-06-16
8;2;2015-06-17
9;7;2015-06-18
10;4;2015-06-19
11;9;2015-06-20
12;9;2015-06-21
13;5;2015-06-22
1;3;2015-06-23
2;9;2015-06-24
3;1;2015-06-25
4;1;2015-06-26
5;4;2015-06-27
6;3;2015-06-28
7;9;2015-06-29
8;8;2015-06-30
9;7;2015-07-01
10;3;2015-07-02
11;1;2015-07-03
12;5;2015-07-04
13;4;2015-07-05
1;6;2015-07-06
2;7;2015-07-07
3;5;2015-07-08
4;7;2015-07-09
5;3;2015-07-10
6;10;2015-07-11
7;9;2015-07-12
8;9;2015-07-13
9;4;2015-07-14
10;9;2015-07-15
11;6;2015-07-16
12;9;2015-07-17
13;1;2015-07-18
1;5;2015-07-19
2;0;2015-07-20
3;2;2015-07-21
4;2;2015-07-22
5;9;2015-07-23
6;5;2015-07-24
7;6;2015-07-25
8;4;2015-07-26
9;6;2015-07-27
10;4;2015-07-28
11;9;2015-07-29
12;1;2015-07-30
13;4;2015-07-31
1;0;2015-08-01
2;0;2015-08-02
3;5;2015-08-03
4;0;2015-08-04
5;9;2015-08-05
6;3;2015-08-06
7;5;2015-08-07
8;3;2015-08-08
9;5;2015-08-09
10;1;2015-08-10
11;9;2015-08-11
12;8;2015-08-12
13;8;2015-08-13
1;9;2015-08-14
2;5;2015-08-15
3;6;2015-08-16
4;6;2015-08-17
5;7;2015-08-18
6;9;2015-08-19
7;4;2015-08-20
8;6;2015-08-21
9;2;2015-08-22
10;2;2015-08-23
11;0;2015-08-24
12;7;2015-08-25
13;10;2015-08-26
1;1;2015-08-27
2;5;2015-08-28
3;3;2015-08-29
4;1;2015-08-30
5;7;2015-08-31
6;8;2015-09-01
7;4;2015-09-02
8;7;2015-09-03
9;8;2015-09-04
10;4;2015-09-05
11;7;2015-09-06
12;7;2015-09-07
13;7;2015-09-08
1;2;2015-09-09
2;1;2015-09-10
3;10;2015-09-11
4;0;2015-09-12
5;6;2015-09-13
6;8;2015-09-14
7;9;2015-09-15
8;2;2015-09-16
9;1;2015-09-17
10;4;2015-09-18
11;3;2015-09-19
12;8;2015-09-20
13;3;2015-09-21
1;9;2015-09-22
2;4;2015-09-23
3;2;2015-09-24
4;5;2015-09-25
5;2;2015-09-26
6;4;2015-09-27
7;2;2015-09-28
8;2;2015-09-29
9;6;2015-09-30
10;3;2015-10-01
11;4;2015-10-02
12;4;2015-10-03
13;7;2015-10-04
1;1;2015-10-05
2;7;2015-10-06
3;5;2015-10-07
4;1;2015-10-08
5;5;2015-10-09
6;4;2015-10-10
7;9;2015-10-11
8;0;2015-10-12
9;6;2015-10-13
10;5;2015-10-14
11;5;2015-10-15
12;8;2015-10-16
13;2;2015-10-17
1;4;2015-10-18
2;7;2015-10-19
3;8;2015-10-20
4;3;2015-10-21
5;8;2015-10-22
6;10;2015-10-23
7;8;2015-10-24
8;7;2015-10-25
9;2;2015-10-26
10;10;2015-10-27
11;2;2015-10-28
12;2;2015-10-29
13;9;2015-10-30
1;8;2015-10-31
2;0;2015-11-01
3;6;2015-11-02
4;1;2015-11-03
5;7;2015-11-04
6;2;2015-11-05
7;6;2015-11-06
8;6;2015-11-07
9;5;2015-11-08
10;1;2015-11-09
11;4;2015-11-10
12;2;2015-11-11
13;8;2015-11-12
1;10;2015-11-13
2;1;2015-11-14
3;7;2015-11-15
4;7;2015-11-16
5;1;2015-11-17
6;5;2015-11-18
7;4;2015-11-19
8;1;2015-11-20
9;4;2015-11-21
10;9;2015-11-22
11;3;2015-11-23
12;9;2015-11-24
13;1;2015-11-25
1;10;2015-11-26
2;7;2015-11-27
3;4;2015-11-28
4;4;2015-11-29
5;6;2015-11-30
6;0;2015-12-01
7;7;2015-12-02
8;3;2015-12-03
9;8;2015-12-04
10;6;2015-12-05
11;6;2015-12-06
12;9;2015-12-07
13;7;2015-12-08
1;6;2015-12-09
2;6;2015-12-10
3;8;2015-12-11
4;8;2015-12-12
5;8;2015-12-13
6;10;2015-12-14
7;3;2015-12-15
8;10;2015-12-16
9;4;2015-12-17
10;5;2015-12-18
11;6;2015-12-19
12;2;2015-12-20
13;4;2015-12-21
1;2;2015-12-22
2;4;2015-12-23
3;1;2015-12-24
4;0;2015-12-25
5;8;2015-12-26
6;6;2015-12-27
7;10;2015-12-28
8;5;2015-12-29
9;7;2015-12-30
10;2;2015-12-31
11;2;2015-01-01
12;8;2015-01-02
13;3;2015-01-03
1;2;2015-01-04
2;6;2015-01-05
3;5;2015-01-06
4;3;2015-01-07
5;2;2015-01-08
6;7;2015-01-09
7;5;2015-01-10
8;9;2015-01-11
9;3;2015-01-12
10;4;2015-01-13
11;10;2015-01-14
12;3;2015-01-15
13;1;2015-01-16
1;1;2015-01-17
2;7;2015-01-18
3;7;2015-01-19
4;4;2015-01-20
5;6;2015-01-21
6;4;2015-01-22
7;9;2015-01-23
8;10;2015-01-24
9;9;2015-01-25
10;1;2015-01-26
11;0;2015-01-27
12;6;2015-01-28
13;0;2015-01-29
1;8;2015-01-30
2;7;2015-01-31
3;3;2015-02-01
4;9;2015-02-02
5;8;2015-02-03
6;8;2015-02-04
7;8;2015-02-05
8;8;2015-02-06
9;2;2015-02-07
10;5;2015-02-08
11;9;2015-02-09
12;3;2015-02-10
13;9;2015-02-11
1;9;2015-02-12
2;4;2015-02-13
3;6;2015-02-14
4;1;2015-02-15
5;1;2015-02-16
6;9;2015-02-17
7;9;2015-02-18
8;3;2015-02-19
9;9;2015-02-20
10;1;2015-02-21
11;5;2015-02-22
12;5;2015-02-23
13;1;2015-02-24
1;3;2015-02-25
2;4;2015-02-26
3;8;2015-02-27
4;4;2015-02-28
5;1;2015-03-01
6;3;2015-03-02
7;1;2015-03-03
8;8;2015-03-04
9;1;2015-03-05
10;1;2015-03-06
11;7;2015-03-07
12;8;2015-03-08
13;1;2015-03-09
1;4;2015-03-10
2;5;2015-03-11
3;2;2015-03-12
4;3;2015-03-13
5;7;2015-03-14
6;4;2015-03-15
7;5;2015-03-16
8;8;2015-03-17
9;6;2015-03-18
10;8;2015-03-19
11;5;2015-03-20
12;5;2015-03-21
13;4;2015-03-22
1;5;2015-03-23
2;4;2015-03-24
3;4;2015-03-25
4;10;2015-03-26
5;1;2015-03-27
6;2;2015-03-28
7;1;2015-03-29
8;1;2015-03-30
9;6;2015-03-31
10;6;2015-04-01
11;2;2015-04-02
12;6;2015-04-03
13;6;2015-04-04
1;4;2015-04-05
2;10;2015-04-06
3;0;2015-04-07
4;7;2015-04-08
5;9;2015-04-09
6;7;2015-04-10
7;5;2015-04-11
8;5;2015-04-12
9;2;2015-04-13
10;9;2015-04-14
11;7;2015-04-15
12;8;2015-04-16
13;3;2015-04-17
1;1;2015-04-18
2;5;2015-04-19
3;9;2015-04-20
4;0;2015-04-21
5;5;2015-04-22
6;0;2015-04-23
7;10;2015-04-24
8;7;2015-04-25
9;6;2015-04-26
10;3;2015-04-27
11;2;2015-04-28
12;2;2015-04-29
13;8;2015-04-30
1;4;2015-05-01
2;9;2015-05-02
3;7;2015-05-03
4;5;2015-05-04
5;3;2015-05-05
6;10;2015-05-06
7;3;2015-05-07
8;9;2015-05-08
9;3;2015-05-09
10;4;2015-05-10
11;4;2015-05-11
12;4;2015-05-12
13;5;2015-05-13
1;5;2015-05-14
2;5;2015-05-15
3;5;2015-05-16
4;10;2015-05-17
5;2;2015-05-18
6;8;2015-05-19
7;5;2015-05-20
8;6;2015-05-21
9;6;2015-05-22
10;4;2015-05-23
11;0;2015-05-24
12;5;2015-05-25
13;6;2015-05-26
1;8;2015-05-27
2;3;2015-05-28
3;4;2015-05-29
4;4;2015-05-30
5;0;2015-05-31
6;0;2015-06-01
7;5;2015-06-02
8;3;2015-06-03
9;2;2015-06-04
10;8;2015-06-05
11;8;2015-06-06
12;3;2015-06-07
13;6;2015-06-08
1;7;2015-06-09
2;8;2015-06-10
3;1;2015-06-11
4;0;2015-06-12
5;2;2015-06-13
6;7;2015-06-14
7;3;2015-06-15
8;8;2015-06-16
9;4;2015-06-17
10;2;2015-06-18
11;7;2015-06-19
12;3;2015-06-20
13;1;2015-06-21
1;5;2015-06-22
2;7;2015-06-23
3;1;2015-06-24
4;2;2015-06-25
5;7;2015-06-26
6;1;2015-06-27
7;9;2015-06-28
8;4;2015-06-29
9;7;2015-06-30
10;3;2015-07-01
11;9;2015-07-02
12;8;2015-07-03
13;4;2015-07-04
1;1;2015-07-05
2;2;2015-07-06
3;1;2015-07-07
4;6;2015-07-08
5;3;2015-07-09
6;6;2015-07-10
7;4;2015-07-11
8;9;2015-07-12
9;6;2015-07-13
10;2;2015-07-14
11;6;2015-07-15
12;3;2015-07-16
13;1;2015-07-17
1;4;2015-07-18
2;9;2015-07-19
3;9;2015-07-20
4;0;2015-07-21
5;9;2015-07-22
6;6;2015-07-23
7;4;2015-07-24
8;6;2015-07-25
9;8;2015-07-26
10;4;2015-07-27
11;3;2015-07-28
12;4;2015-07-29
13;8;2015-07-30
1;6;2015-07-31
2;6;2015-08-01
3;10;2015-08-02
4;4;2015-08-03
5;6;2015-08-04
6;6;2015-08-05
7;7;2015-08-06
8;2;2015-08-07
9;5;2015-08-08
10;7;2015-08-09
11;9;2015-08-10
12;1;2015-08-11
13;4;2015-08-12
1;3;2015-08-13
2;7;2015-08-14
3;8;2015-08-15
4;4;2015-08-16
5;8;2015-08-17
6;9;2015-08-18
7;6;2015-08-19
8;7;2015-08-20
9;3;2015-08-21
10;4;2015-08-22
11;6;2015-08-23
12;10;2015-08-24
13;4;2015-08-25
1;5;2015-08-26
2;3;2015-08-27
3;7;2015-08-28
4;10;2015-08-29
5;3;2015-08-30
6;6;2015-08-31
7;5;2015-09-01
8;4;2015-09-02
9;1;2015-09-03
10;8;2015-09-04
11;2;2015-09-05
12;10;2015-09-06
13;7;2015-09-07
1;4;2015-09-08
2;5;2015-09-09
3;9;2015-09-10
4;5;2015-09-11
5;10;2015-09-12
6;8;2015-09-13
7;7;2015-09-14
8;3;2015-09-15
9;1;2015-09-16
10;6;2015-09-17
11;6;2015-09-18
12;8;2015-09-19
13;5;2015-09-20
1;7;2015-09-21
2;8;2015-09-22
3;1;2015-09-23
4;8;2015-09-24
5;6;2015-09-25
6;1;2015-09-26
7;2;2015-09-27
8;9;2015-09-28
9;6;2015-09-29
10;4;2015-09-30
11;4;2015-10-01
12;4;2015-10-02
13;2;2015-10-03
1;4;2015-10-04
2;9;2015-10-05
3;0;2015-10-06
4;7;2015-10-07
5;1;2015-10-08
6;1;2015-10-09
7;3;2015-10-10
8;5;2015-10-11
9;2;2015-10-12
10;0;2015-10-13
11;8;2015-10-14
12;9;2015-10-15
13;1;2015-10-16
1;4;2015-10-17
2;6;2015-10-18
3;8;2015-10-19
4;1;2015-10-20
5;6;2015-10-21
6;2;2015-10-22
7;4;2015-10-23
8;4;2015-10-24
9;3;2015-10-25
10;6;2015-10-26
11;8;2015-10-27
12;2;2015-10-28
13;8;2015-10-29
1;0;2015-10-30
2;3;2015-10-31
3;3;2015-11-01
4;4;2015-11-02
5;3;2015-11-03
6;0;2015-11-04
7;1;2015-11-05
8;5;2015-11-06
9;1;2015-11-07
10;0;2015-11-08
11;10;2015-11-09
12;0;2015-11-10
13;6;2015-11-11
1;8;2015-11-12
2;8;2015-11-13
3;1;2015-11-14
4;2;2015-11-15
5;2;2015-11-16
6;6;2015-11-17
7;9;2015-11-18
8;1;2015-11-19
9;5;2015-11-20
10;7;2015-11-21
11;2;2015-11-22
12;8;2015-11-23
13;0;2015-11-24
1;4;2015-11-25
2;7;2015-11-26
3;10;2015-11-27
4;1;2015-11-28
5;3;2015-11-29
6;5;2015-11-30
7;2;2015-12-01
8;8;2015-12-02
9;9;2015-12-03
10;10;2015-12-04
11;6;2015-12-05
12;8;2015-12-06
13;1;2015-12-07
1;1;2015-12-08
2;7;2015-12-09
3;9;2015-12-10
4;10;2015-12-11
5;0;2015-12-12
6;4;2015-12-13
7;7;2015-12-14
8;6;2015-12-15
9;5;2015-12-16
10;6;2015-12-17
11;7;2015-12-18
12;8;2015-12-19
13;3;2015-12-20
1;1;2015-12-21
2;7;2015-12-22
3;1;2015-12-23
4;8;2015-12-24
5;9;2015-12-25
6;8;2015-12-26
7;7;2015-12-27
8;7;2015-12-28
9;1;2015-12-29
10;9;2015-12-30
11;1;2015-12-31
12;2;2015-01-01
13;3;2015-01-02
1;3;2015-01-03
2;1;2015-01-04
3;7;2015-01-05
4;4;2015-01-06
5;6;2015-01-07
6;1;2015-01-08
7;2;2015-01-09
8;6;2015-01-10
9;9;2015-01-11
10;3;2015-01-12
11;3;2015-01-13
12;9;2015-01-14
13;5;2015-01-15
1;2;2015-01-16
2;0;2015-01-17
3;3;2015-01-18
4;10;2015-01-19
5;4;2015-01-20
6;6;2015-01-21
7;1;2015-01-22
8;3;2015-01-23
9;9;2015-01-24
10;5;2015-01-25
11;4;2015-01-26
12;7;2015-01-27
13;4;2015-01-28
1;9;2015-01-29
2;5;2015-01-30
3;7;2015-01-31
4;2;2015-02-01
5;8;2015-02-02
6;1;2015-02-03
7;6;2015-02-04
8;4;2015-02-05
9;0;2015-02-06
10;4;2015-02-07
11;9;2015-02-08
12;1;2015-02-09
13;6;2015-02-10
1;6;2015-02-11
2;3;2015-02-12
3;6;2015-02-13
4;4;2015-02-14
5;7;2015-02-15
6;0;2015-02-16
7;7;2015-02-17
8;10;2015-02-18
9;9;2015-02-19
10;3;2015-02-20
11;9;2015-02-21
12;1;2015-02-22
13;3;2015-02-23
1;6;2015-02-24
2;6;2015-02-25
3;8;2015-02-26
4;2;2015-02-27
5;9;2015-02-28
6;9;2015-03-01
7;9;2015-03-02
8;8;2015-03-03
9;7;2015-03-04
10;2;2015-03-05
11;8;2015-03-06
12;8;2015-03-07
13;7;2015-03-08
1;4;2015-03-09
2;4;2015-03-10
3;4;2015-03-11
4;7;2015-03-12
5;1;2015-03-13
6;0;2015-03-14
7;3;2015-03-15
8;6;2015-03-16
9;8;2015-03-17
10;8;2015-03-18
11;3;2015-03-19
12;4;2015-03-20
13;1;2015-03-21
1;1;2015-03-22
2;5;2015-03-23
3;2;2015-03-24
4;0;2015-03-25
5;2;2015-03-26
6;1;2015-03-27
7;7;2015-03-28
8;2;2015-03-29
9;2;2015-03-30
10;3;2015-03-31
11;3;2015-04-01
12;5;2015-04-02
13;5;2015-04-03
1;3;2015-04-04
2;6;2015-04-05
3;8;2015-04-06
4;2;2015-04-07
5;3;2015-04-08
6;8;2015-04-09
7;1;2015-04-10
8;1;2015-04-11
9;2;2015-04-12
10;1;2015-04-13
11;3;2015-04-14
12;3;2015-04-15
13;1;2015-04-16
1;10;2015-04-17
2;3;2015-04-18
3;4;2015-04-19
4;10;2015-04-20
5;5;2015-04-21
6;7;2015-04-22
7;5;2015-04-23
8;1;2015-04-24
9;1;2015-04-25
10;1;2015-04-26
11;5;2015-04-27
12;2;2015-04-28
13;8;2015-04-29
1;6;2015-04-30
2;2;2015-05-01
3;2;2015-05-02
4;0;2015-05-03
5;2;2015-05-04
6;9;2015-05-05
7;4;2015-05-06
8;5;2015-05-07
9;3;2015-05-08
10;5;2015-05-09
11;9;2015-05-10
12;1;2015-05-11
13;3;2015-05-12
1;6;2015-05-13
2;3;2015-05-14
3;8;2015-05-15
4;6;2015-05-16
5;3;2015-05-17
6;4;2015-05-18
7;7;2015-05-19
8;3;2015-05-20
9;1;2015-05-21
10;10;2015-05-22
11;3;2015-05-23
12;3;2015-05-24
13;1;2015-05-25
1;10;2015-05-26
2;8;2015-05-27
3;9;2015-05-28
4;1;2015-05-29
5;5;2015-05-30
6;6;2015-05-31
7;2;2015-06-01
8;7;2015-06-02
9;4;2015-06-03
10;0;2015-06-04
11;6;2015-06-05
12;1;2015-06-06
13;8;2015-06-07
1;3;2015-06-08
2;2;2015-06-09
3;3;2015-06-10
4;8;2015-06-11
5;6;2015-06-12
6;1;2015-06-13
7;6;2015-06-14
8;1;2015-06-15
9;2;2015-06-16
10;9;2015-06-17
11;6;2015-06-18
12;7;2015-06-19
13;2;2015-06-20
1;1;2015-06-21
2;5;2015-06-22
3;2;2015-06-23
4;3;2015-06-24
5;0;2015-06-25
6;7;2015-06-26
7;4;2015-06-27
8;9;2015-06-28
9;1;2015-06-29
10;7;2015-06-30
11;1;2015-07-01
12;8;2015-07-02
13;5;2015-07-03
1;5;2015-07-04
2;9;2015-07-05
3;2;2015-07-06
4;4;2015-07-07
5;1;2015-07-08
6;3;2015-07-09
7;6;2015-07-10
8;9;2015-07-11
9;10;2015-07-12
10;5;2015-07-13
11;0;2015-07-14
12;6;2015-07-15
13;3;2015-07-16
1;5;2015-07-17
2;8;2015-07-18
3;6;2015-07-19
4;1;2015-07-20
5;2;2015-07-21
6;7;2015-07-22
7;10;2015-07-23
8;4;2015-07-24
9;3;2015-07-25
10;1;2015-07-26
11;5;2015-07-27
12;3;2015-07-28
13;9;2015-07-29
1;6;2015-07-30
2;4;2015-07-31
3;5;2015-08-01
4;1;2015-08-02
5;3;2015-08-03
6;7;2015-08-04
7;1;2015-08-05
8;5;2015-08-06
9;1;2015-08-07
10;9;2015-08-08
11;5;2015-08-09
12;5;2015-08-10
13;2;2015-08-11
1;2;2015-08-12
2;9;2015-08-13
3;1;2015-08-14
4;5;2015-08-15
5;3;2015-08-16
6;3;2015-08-17
7;0;2015-08-18
8;1;2015-08-19
9;8;2015-08-20
10;3;2015-08-21
11;1;2015-08-22
12;3;2015-08-23
13;3;2015-08-24
1;3;2015-08-25
2;4;2015-08-26
3;9;2015-08-27
4;0;2015-08-28
5;2;2015-08-29
6;6;2015-08-30
7;2;2015-08-31
8;7;2015-09-01
9;2;2015-09-02
10;6;2015-09-03
11;1;2015-09-04
12;4;2015-09-05
13;8;2015-09-06
1;6;2015-09-07
2;0;2015-09-08
3;10;2015-09-09
4;0;2015-09-10
5;5;2015-09-11
6;4;2015-09-12
7;4;2015-09-13
8;5;2015-09-14
9;3;2015-09-15
10;1;2015-09-16
11;2;2015-09-17
12;8;2015-09-18
13;3;2015-09-19
1;8;2015-09-20
2;6;2015-09-21
3;10;2015-09-22
4;3;2015-09-23
5;3;2015-09-24
6;10;2015-09-25
7;1;2015-09-26
8;5;2015-09-27
9;9;2015-09-28
10;9;2015-09-29
11;4;2015-09-30
12;7;2015-10-01
13;6;2015-10-02
1;1;2015-10-03
2;10;2015-10-04
3;2;2015-10-05
4;5;2015-10-06
5;4;2015-10-07
6;0;2015-10-08
7;6;2015-10-09
8;6;2015-10-10
9;1;2015-10-11
10;3;2015-10-12
11;9;2015-10-13
12;7;2015-10-14
13;7;2015-10-15
1;9;2015-10-16
2;5;2015-10-17
3;6;2015-10-18
4;4;2015-10-19
5;5;2015-10-20
6;6;2015-10-21
7;3;2015-10-22
8;5;2015-10-23
9;9;2015-10-24
10;5;2015-10-25
11;4;2015-10-26
12;5;2015-10-27
13;6;2015-10-28
1;4;2015-10-29
2;1;2015-10-30
3;8;2015-10-31
4;2;2015-11-01
5;1;2015-11-02
6;6;2015-11-03
7;6;2015-11-04
8;3;2015-11-05
9;6;2015-11-06
10;9;2015-11-07
11;6;2015-11-08
12;10;2015-11-09
13;8;2015-11-10
1;7;2015-11-11
2;1;2015-11-12
3;2;2015-11-13
4;9;2015-11-14
5;3;2015-11-15
6;1;2015-11-16
7;2;2015-11-17
8;4;2015-11-18
9;6;2015-11-19
10;9;2015-11-20
11;1;2015-11-21
12;5;2015-11-22
13;2;2015-11-23
1;5;2015-11-24
2;8;2015-11-25
3;4;2015-11-26
4;5;2015-11-27
5;1;2015-11-28
6;9;2015-11-29
7;3;2015-11-30
8;9;2015-12-01
9;3;2015-12-02
10;10;2015-12-03
11;9;2015-12-04
12;5;2015-12-05
13;5;2015-12-06
1;0;2015-12-07
2;3;2015-12-08
3;8;2015-12-09
4;5;2015-12-10
5;8;2015-12-11
6;9;2015-12-12
7;3;2015-12-13
8;6;2015-12-14
9;10;2015-12-15
10;1;2015-12-16
11;2;2015-12-17
12;2;2015-12-18
13;2;2015-12-19
1;7;2015-12-20
2;3;2015-12-21
3;8;2015-12-22
4;4;2015-12-23
5;2;2015-12-24
6;3;2015-12-25
7;3;2015-12-26
8;1;2015-12-27
9;6;2015-12-28
10;8;2015-12-29
11;2;2015-12-30
12;3;2015-12-31
13;7;2015-01-01
1;4;2015-01-02
2;5;2015-01-03
3;8;2015-01-04
4;3;2015-01-05
5;2;2015-01-06
6;1;2015-01-07
7;9;2015-01-08
8;7;2015-01-09
9;0;2015-01-10
10;6;2015-01-11
11;10;2015-01-12
12;7;2015-01-13
13;10;2015-01-14
1;5;2015-01-15
2;0;2015-01-16
3;2;2015-01-17
4;4;2015-01-18
5;1;2015-01-19
6;3;2015-01-20
7;4;2015-01-21
8;9;2015-01-22
9;1;2015-01-23
10;4;2015-01-24
11;7;2015-01-25
12;6;2015-01-26
13;5;2015-01-27
1;0;2015-01-28
2;10;2015-01-29
3;3;2015-01-30
4;0;2015-01-31
5;8;2015-02-01
6;7;2015-02-02
7;9;2015-02-03
8;6;2015-02-04
9;9;2015-02-05
10;7;2015-02-06
11;2;2015-02-07
12;7;2015-02-08
13;3;2015-02-09
1;10;2015-02-10
2;5;2015-02-11
3;2;2015-02-12
4;8;2015-02-13
5;9;2015-02-14
6;6;2015-02-15
7;5;2015-02-16
8;8;2015-02-17
9;1;2015-02-18
10;9;2015-02-19
11;8;2015-02-20
12;5;2015-02-21
13;2;2015-02-22
1;5;2015-02-23
2;1;2015-02-24
3;10;2015-02-25
4;0;2015-02-26
5;9;2015-02-27
6;8;2015-02-28
7;6;2015-03-01
8;4;2015-03-02
9;2;2015-03-03
10;2;2015-03-04
11;2;2015-03-05
12;6;2015-03-06
13;5;2015-03-07
1;9;2015-03-08
2;0;2015-03-09
3;7;2015-03-10
4;5;2015-03-11
5;7;2015-03-12
6;4;2015-03-13
7;1;2015-03-14
8;10;2015-03-15
9;3;2015-03-16
10;3;2015-03-17
11;4;2015-03-18
12;4;2015-03-19
13;8;2015-03-20
1;9;2015-03-21
2;3;2015-03-22
3;6;2015-03-23
4;6;2015-03-24
5;3;2015-03-25
6;5;2015-03-26
7;1;2015-03-27
8;4;2015-03-28
9;9;2015-03-29
10;5;2015-03-30
11;9;2015-03-31
12;3;2015-04-01
13;6;2015-04-02
1;2;2015-04-03
2;1;2015-04-04
3;8;2015-04-05
4;4;2015-04-06
5;2;2015-04-07
6;6;2015-04-08
7;5;2015-04-09
8;5;2015-04-10
9;2;2015-04-11
10;3;2015-04-12
11;7;2015-04-13
12;5;2015-04-14
13;6;2015-04-15
1;7;2015-04-16
2;8;2015-04-17
3;5;2015-04-18
4;5;2015-04-19
5;1;2015-04-20
6;1;2015-04-21
7;3;2015-04-22
8;4;2015-04-23
9;9;2015-04-24
10;3;2015-04-25
11;10;2015-04-26
12;6;2015-04-27
13;8;2015-04-28
1;2;2015-04-29
2;4;2015-04-30
3;4;2015-05-01
4;7;2015-05-02
5;1;2015-05-03
6;2;2015-05-04
7;4;2015-05-05
8;8;2015-05-06
9;9;2015-05-07
10;4;2015-05-08
11;2;2015-05-09
12;4;2015-05-10
13;1;2015-05-11
1;2;2015-05-12
2;10;2015-05-13
3;7;2015-05-14
4;9;2015-05-15
5;6;2015-05-16
6;8;2015-05-17
7;4;2015-05-18
8;8;2015-05-19
9;7;2015-05-20
10;9;2015-05-21
11;6;2015-05-22
12;2;2015-05-23
13;2;2015-05-24
1;3;2015-05-25
2;8;2015-05-26
3;7;2015-05-27
4;5;2015-05-28
5;0;2015-05-29
6;7;2015-05-30
7;8;2015-05-31
8;5;2015-06-01
9;3;2015-06-02
10;1;2015-06-03
11;10;2015-06-04
12;1;2015-06-05
13;6;2015-06-06
1;8;2015-06-07
2;1;2015-06-08
3;10;2015-06-09
4;5;2015-06-10
5;9;2015-06-11
6;8;2015-06-12
7;4;2015-06-13
8;7;2015-06-14
9;6;2015-06-15
10;7;2015-06-16
11;2;2015-06-17
12;3;2015-06-18
13;9;2015-06-19
1;6;2015-06-20
2;10;2015-06-21
3;4;2015-06-22
4;1;2015-06-23
5;4;2015-06-24
6;9;2015-06-25
7;3;2015-06-26
8;1;2015-06-27
9;9;2015-06-28
10;8;2015-06-29
11;6;2015-06-30
12;1;2015-07-01
13;7;2015-07-02
1;5;2015-07-03
2;1;2015-07-04
3;0;2015-07-05
4;0;2015-07-06
5;7;2015-07-07
6;8;2015-07-08
7;7;2015-07-09
8;3;2015-07-10
9;5;2015-07-11
10;5;2015-07-12
11;2;2015-07-13
12;4;2015-07-14
13;10;2015-07-15
1;5;2015-07-16
2;8;2015-07-17
3;4;2015-07-18
4;8;2015-07-19
5;2;2015-07-20
6;9;2015-07-21
7;9;2015-07-22
8;7;2015-07-23
9;1;2015-07-24
10;7;2015-07-25
11;1;2015-07-26
12;5;2015-07-27
13;4;2015-07-28
1;6;2015-07-29
2;6;2015-07-30
3;3;2015-07-31
4;7;2015-08-01
5;1;2015-08-02
6;5;2015-08-03
7;6;2015-08-04
8;5;2015-08-05
9;6;2015-08-06
10;7;2015-08-07
11;3;2015-08-08
12;3;2015-08-09
13;2;2015-08-10
1;4;2015-08-11
2;1;2015-08-12
3;9;2015-08-13
4;2;2015-08-14
5;3;2015-08-15
6;1;2015-08-16
7;4;2015-08-17
8;2;2015-08-18
9;9;2015-08-19
10;3;2015-08-20
11;8;2015-08-21
12;6;2015-08-22
13;5;2015-08-23
1;2;2015-08-24
2;6;2015-08-25
3;5;2015-08-26
4;1;2015-08-27
5;9;2015-08-28
6;1;2015-08-29
7;2;2015-08-30
8;4;2015-08-31
9;7;2015-09-01
10;7;2015-09-02
11;4;2015-09-03
12;3;2015-09-04
13;4;2015-09-05
1;3;2015-09-06
2;2;2015-09-07
3;2;2015-09-08
4;7;2015-09-09
5;6;2015-09-10
6;6;2015-09-11
7;8;2015-09-12
8;5;2015-09-13
9;6;2015-09-14
10;6;2015-09-15
11;6;2015-09-16
12;3;2015-09-17
13;3;2015-09-18
1;3;2015-09-19
2;9;2015-09-20
3;7;2015-09-21
4;5;2015-09-22
5;7;2015-09-23
6;1;2015-09-24
7;4;2015-09-25
8;6;2015-09-26
9;3;2015-09-27
10;9;2015-09-28
11;9;2015-09-29
12;7;2015-09-30
13;2;2015-10-01
1;7;2015-10-02
2;10;2015-10-03
3;6;2015-10-04
4;7;2015-10-05
5;2;2015-10-06
6;2;2015-10-07
7;7;2015-10-08
8;8;2015-10-09
9;8;2015-10-10
10;7;2015-10-11
11;10;2015-10-12
12;5;2015-10-13
13;7;2015-10-14
1;6;2015-10-15
2;5;2015-10-16
3;4;2015-10-17
4;7;2015-10-18
5;2;2015-10-19
6;9;2015-10-20
7;8;2015-10-21
8;1;2015-10-22
9;3;2015-10-23
10;6;2015-10-24
11;7;2015-10-25
12;4;2015-10-26
13;8;2015-10-27
1;6;2015-10-28
2;2;2015-10-29
3;9;2015-10-30
4;3;2015-10-31
5;3;2015-11-01
6;5;2015-11-02
7;6;2015-11-03
8;4;2015-11-04
9;7;2015-11-05
10;4;2015-11-06
11;4;2015-11-07
12;1;2015-11-08
13;8;2015-11-09
1;7;2015-11-10
2;4;2015-11-11
3;2;2015-11-12
4;2;2015-11-13
5;8;2015-11-14
6;4;2015-11-15
7;7;2015-11-16
8;3;2015-11-17
9;5;2015-11-18
10;6;2015-11-19
11;0;2015-11-20
12;4;2015-11-21
13;1;2015-11-22
1;1;2015-11-23
2;1;2015-11-24
3;0;2015-11-25
4;1;2015-11-26
5;1;2015-11-27
6;2;2015-11-28
7;10;2015-11-29
8;8;2015-11-30
9;10;2015-12-01
10;2;2015-12-02
11;4;2015-12-03
12;4;2015-12-04
13;4;2015-12-05
1;0;2015-12-06
2;10;2015-12-07
3;9;2015-12-08
4;7;2015-12-09
5;6;2015-12-10
6;0;2015-12-11
7;4;2015-12-12
8;9;2015-12-13
9;1;2015-12-14
10;8;2015-12-15
11;5;2015-12-16
12;4;2015-12-17
13;4;2015-12-18
1;1;2015-12-19
2;2;2015-12-20
3;1;2015-12-21
4;2;2015-12-22
5;8;2015-12-23
6;9;2015-12-24
7;8;2015-12-25
8;2;2015-12-26
9;2;2015-12-27
10;5;2015-12-28
11;5;2015-12-29
12;2;2015-12-30
13;7;2015-12-31
